serial,model,power_on_hours,temperature_c,reallocated_sectors,pending_sectors,uncorrectable_errors,crc_errors,seek_error_rate,failed_30d
D00000,HX-8T,12994,32.7,0,0,0,0,0.193,0
D00001,HX-12T,49913,33.7,0,0,0,0,0.484,0
D00002,HX-8T,30862,35.0,0,0,0,0,0.39,0
D00003,SG-16T,3650,34.3,0,0,0,0,0.42,0
D00004,SG-16T,7824,38.7,2,0,0,0,0.102,0
D00005,SG-16T,45935,28.7,0,0,0,4,0.505,0
D00006,SG-16T,22823,33.7,0,0,0,0,0.137,0
D00007,HX-8T,26867,34.5,0,0,0,0,0.34,0
D00008,HX-12T,32921,34.6,0,0,0,0,0.319,0
D00009,HX-8T,21653,40.2,0,0,0,0,0.002,0
D00010,SG-16T,38799,29.6,0,0,0,0,0.341,0
D00011,HX-8T,1436,30.3,0,0,0,0,0.3,0
D00012,HX-8T,4436,38.2,0,0,0,0,0.511,0
D00013,SG-16T,24702,37.0,0,0,0,2,0.433,0
D00014,HX-8T,11067,36.1,21,13,7,0,0.387,0
D00015,HX-8T,46304,35.2,0,0,0,0,0.259,0
D00016,HX-8T,11589,37.7,0,0,0,0,0.147,0
D00017,SG-16T,968,31.8,0,0,0,0,0.447,0
D00018,SG-16T,14049,35.7,0,0,0,0,0.483,0
D00019,SG-16T,10310,29.2,0,0,0,0,0.471,0
D00020,HX-8T,47928,35.3,0,0,0,0,0.343,0
D00021,HX-8T,27650,36.1,0,0,0,0,0.269,0
D00022,HX-8T,47949,35.8,0,0,0,0,0.427,0
D00023,HX-12T,50480,42.0,0,0,0,0,0.214,0
D00024,HX-8T,12987,38.6,0,0,0,0,0.388,0
D00025,HX-8T,8730,35.1,0,0,0,0,0.447,0
D00026,HX-12T,47033,32.8,0,0,0,0,0.327,0
D00027,HX-12T,3024,43.4,0,0,0,0,0.29,0
D00028,HX-12T,11113,40.0,0,0,0,0,0.464,0
D00029,SG-16T,23172,37.6,0,0,0,0,0.521,0
D00030,SG-16T,24826,32.3,0,1,0,0,0.441,0
D00031,HX-12T,23624,34.5,0,0,0,0,0.046,0
D00032,HX-8T,40806,36.8,0,0,0,0,0.482,0
D00033,HX-12T,24207,40.0,0,0,0,0,0.0,0
D00034,HX-8T,2865,33.3,0,0,0,0,0.221,0
D00035,HX-8T,5761,29.4,218,3,2,0,0.592,1
D00036,HX-8T,25034,36.8,0,0,0,0,0.356,0
D00037,SG-16T,17084,39.8,0,0,0,3,0.097,0
D00038,HX-12T,32752,33.8,0,0,0,0,0.437,0
D00039,HX-12T,32125,35.1,0,0,0,2,0.538,0
D00040,HX-12T,49570,39.8,2,0,0,0,0.22,0
D00041,SG-16T,29446,43.7,0,0,0,0,0.101,0
D00042,HX-8T,23925,36.4,0,0,0,0,0.326,0
D00043,HX-12T,31806,34.0,0,0,0,0,0.393,0
D00044,HX-8T,4347,38.6,0,1,0,0,0.227,0
D00045,SG-16T,32067,33.4,0,0,0,3,0.293,0
D00046,HX-8T,6244,36.5,0,0,0,0,0.438,0
D00047,HX-12T,35846,42.0,0,0,0,0,0.499,0
D00048,SG-16T,18779,35.1,0,0,0,0,0.184,0
D00049,HX-8T,7355,35.1,0,0,0,0,0.372,0
D00050,HX-12T,6249,30.0,46,0,2,0,0.726,0
D00051,HX-8T,9500,35.7,0,0,0,0,0.431,0
D00052,HX-12T,12499,39.8,0,0,0,0,0.445,0
D00053,HX-12T,49174,32.1,0,0,0,0,0.281,0
D00054,SG-16T,45432,33.7,0,0,0,0,0.372,0
D00055,HX-12T,17276,35.6,0,0,0,0,0.442,0
D00056,HX-8T,14968,34.0,0,0,0,0,0.407,0
D00057,HX-8T,51946,36.6,0,0,0,0,0.192,0
D00058,SG-16T,50562,29.1,0,0,0,0,0.379,0
D00059,SG-16T,31881,32.8,0,0,0,0,0.347,0
D00060,HX-12T,19704,41.3,0,0,0,0,0.162,0
D00061,SG-16T,18339,36.3,0,0,0,0,0.004,0
D00062,HX-8T,21355,34.7,0,0,0,0,0.31,0
D00063,HX-8T,1860,36.2,0,0,0,0,0.144,0
D00064,SG-16T,4453,28.1,0,0,0,0,0.278,0
D00065,HX-8T,51202,37.1,0,0,0,0,0.209,0
D00066,HX-12T,15046,35.6,19,5,0,0,0.735,0
D00067,HX-8T,15645,33.4,0,0,0,0,0.114,0
D00068,SG-16T,33203,34.6,0,0,0,0,0.472,0
D00069,HX-12T,2240,29.3,0,0,0,0,0.295,0
D00070,HX-8T,39352,28.4,0,0,0,0,0.532,0
D00071,HX-12T,29460,37.9,0,0,0,0,0.186,0
D00072,HX-8T,45632,27.8,0,0,0,0,0.245,0
D00073,HX-12T,37349,38.4,0,0,0,0,0.502,0
D00074,HX-8T,48544,39.7,0,0,0,0,0.197,0
D00075,HX-12T,26373,36.8,0,0,0,0,0.472,0
D00076,SG-16T,46407,38.4,0,0,0,0,0.281,0
D00077,HX-12T,41330,28.8,0,0,0,0,0.082,0
D00078,HX-8T,17302,32.3,0,0,0,0,0.361,0
D00079,HX-12T,3659,34.0,0,0,0,0,0.084,0
D00080,HX-8T,33130,36.3,0,0,0,0,0.257,0
D00081,HX-12T,1466,29.9,0,0,0,0,0.401,0
D00082,HX-8T,43885,38.1,0,0,0,0,0.459,0
D00083,SG-16T,33702,21.5,41,0,5,0,0.8,0
D00084,SG-16T,11068,42.0,0,0,0,0,0.189,0
D00085,HX-12T,1876,33.4,65,5,0,0,0.384,0
D00086,HX-8T,15533,37.8,0,0,0,0,0.3,0
D00087,HX-8T,34691,30.9,0,0,0,0,0.025,0
D00088,HX-12T,48422,40.8,0,1,0,0,0.128,0
D00089,HX-8T,717,35.2,0,0,0,0,0.564,0
D00090,SG-16T,24306,35.7,0,0,0,0,0.255,0
D00091,HX-8T,47068,31.9,0,0,0,8,0.132,0
D00092,HX-12T,46161,32.9,0,0,0,0,0.158,0
D00093,HX-8T,17171,36.8,0,0,0,0,0.223,0
D00094,HX-8T,40485,38.1,0,0,0,0,0.083,0
D00095,HX-12T,11545,36.7,1,0,0,0,0.318,0
D00096,HX-8T,38109,35.6,0,0,0,0,0.213,0
D00097,HX-8T,36968,29.3,0,0,0,2,0.262,0
D00098,HX-8T,36764,40.9,0,0,0,0,0.311,0
D00099,HX-12T,14236,40.3,0,0,0,0,0.177,0
D00100,HX-8T,1589,34.4,33,0,0,0,0.81,0
D00101,HX-8T,22274,40.5,0,0,0,0,0.336,0
D00102,SG-16T,6391,33.0,0,0,0,0,0.364,0
D00103,HX-8T,40073,32.2,0,0,0,0,0.426,0
D00104,SG-16T,31169,38.4,0,0,0,0,0.0,0
D00105,SG-16T,3718,38.4,0,0,0,0,0.348,0
D00106,HX-8T,32677,37.9,0,0,0,0,0.157,0
D00107,SG-16T,5199,33.1,0,0,0,0,0.549,0
D00108,SG-16T,1005,30.2,0,0,0,0,0.348,0
D00109,SG-16T,46475,29.2,0,0,0,0,0.418,0
D00110,HX-8T,33013,42.1,0,0,0,0,0.147,0
D00111,HX-12T,47202,37.3,0,0,0,0,0.402,0
D00112,HX-12T,51522,36.8,0,0,0,0,0.358,0
D00113,SG-16T,12648,29.9,0,1,0,0,0.184,0
D00114,HX-8T,18747,39.7,0,0,0,0,0.002,0
D00115,HX-8T,34618,35.8,0,0,0,0,0.474,0
D00116,HX-12T,6725,33.6,0,0,0,0,0.361,0
D00117,HX-8T,3856,39.0,0,0,0,0,0.477,0
D00118,HX-12T,46088,33.8,0,0,0,0,0.247,0
D00119,HX-12T,38983,32.9,0,0,0,0,0.34,0
D00120,HX-8T,27776,32.2,0,0,0,0,0.143,0
D00121,HX-8T,44863,38.8,0,0,0,0,0.162,0
D00122,HX-12T,13718,35.0,0,0,0,0,0.237,0
D00123,HX-12T,6008,39.6,0,0,0,0,0.314,0
D00124,HX-12T,36278,38.8,0,0,0,0,0.181,0
D00125,HX-12T,15251,32.0,0,0,0,0,0.44,0
D00126,SG-16T,50304,35.4,0,0,0,0,0.306,0
D00127,HX-12T,5691,36.1,25,0,8,0,0.778,0
D00128,SG-16T,21467,31.4,0,0,0,0,0.193,0
D00129,HX-8T,3347,29.4,0,0,0,0,0.247,0
D00130,HX-8T,12426,32.3,0,0,0,0,0.336,0
D00131,SG-16T,8707,38.8,0,0,0,3,0.276,0
D00132,HX-8T,1241,35.6,0,0,0,0,0.329,0
D00133,HX-8T,48490,30.4,0,1,0,0,0.281,0
D00134,HX-8T,43837,39.3,0,0,0,0,0.052,0
D00135,HX-8T,38970,43.0,0,0,0,0,0.098,0
D00136,HX-12T,25180,37.6,0,0,0,0,0.125,0
D00137,HX-12T,19803,31.1,13,0,6,0,0.312,0
D00138,HX-8T,5710,33.6,0,0,0,5,0.349,0
D00139,HX-12T,24195,31.3,0,0,0,0,0.205,0
D00140,HX-12T,18330,33.2,0,0,0,0,0.382,0
D00141,SG-16T,22804,38.6,0,0,0,0,0.269,0
D00142,SG-16T,49174,39.2,0,0,0,0,0.191,0
D00143,HX-12T,26227,33.6,0,0,0,0,0.305,0
D00144,HX-12T,31299,36.7,0,0,0,7,0.488,0
D00145,SG-16T,39087,34.9,0,0,0,0,0.464,0
D00146,HX-8T,38527,36.0,11,0,0,0,0.261,0
D00147,HX-8T,36232,32.7,0,0,0,0,0.036,0
D00148,SG-16T,6839,39.5,0,0,0,0,0.184,0
D00149,SG-16T,8679,30.7,0,0,0,0,0.516,0
D00150,SG-16T,42455,30.1,0,0,0,0,0.361,0
D00151,SG-16T,4884,35.2,0,0,0,0,0.363,0
D00152,HX-12T,35087,30.6,0,0,0,0,0.354,0
D00153,HX-8T,33326,40.2,0,0,0,0,0.062,0
D00154,SG-16T,30631,41.1,0,0,0,0,0.097,0
D00155,HX-12T,43999,32.2,35,11,1,0,0.73,1
D00156,SG-16T,19477,33.0,0,0,0,0,0.261,0
D00157,HX-12T,30713,39.2,0,0,0,0,0.285,0
D00158,SG-16T,13651,35.3,0,1,0,0,0.497,0
D00159,SG-16T,45961,33.1,2,0,0,0,0.6,0
D00160,HX-12T,35597,37.2,0,0,0,0,0.629,0
D00161,SG-16T,31411,31.1,0,0,0,1,0.183,0
D00162,SG-16T,27103,38.3,0,0,0,0,0.042,0
D00163,HX-8T,47602,36.1,0,0,0,0,0.0,0
D00164,HX-8T,9045,26.4,0,0,0,2,0.348,0
D00165,HX-8T,43874,33.5,2,0,0,0,0.327,0
D00166,SG-16T,48911,35.8,0,0,0,0,0.017,0
D00167,SG-16T,9243,39.2,0,0,0,0,0.185,0
D00168,HX-8T,40602,31.7,0,0,0,14,0.345,0
D00169,SG-16T,38169,38.3,0,0,0,0,0.389,0
D00170,HX-8T,7501,43.2,0,0,0,0,0.33,0
D00171,HX-12T,12686,41.6,0,0,0,0,0.307,0
D00172,HX-8T,7195,40.4,0,0,0,0,0.235,0
D00173,SG-16T,12345,33.2,0,0,0,0,0.293,0
D00174,HX-8T,47439,42.4,0,0,0,3,0.369,0
D00175,HX-12T,4343,29.9,0,0,0,0,0.019,0
D00176,HX-12T,30428,30.6,0,0,0,4,0.19,0
D00177,HX-12T,9492,42.8,0,0,0,0,0.484,0
D00178,SG-16T,35591,35.6,0,0,0,0,0.023,0
D00179,SG-16T,5330,41.3,3,0,0,0,0.364,0
D00180,HX-8T,49379,42.2,0,0,0,0,0.11,0
D00181,HX-12T,46216,30.5,0,0,0,0,0.312,0
D00182,HX-8T,6032,38.3,0,0,0,0,0.318,0
D00183,HX-12T,28858,33.9,0,0,0,0,0.182,0
D00184,HX-8T,10647,42.2,0,0,0,0,0.453,0
D00185,HX-12T,44492,35.6,0,0,0,0,0.38,0
D00186,HX-8T,46715,31.2,0,0,0,0,0.443,0
D00187,HX-12T,28180,36.8,0,0,0,0,0.496,0
D00188,HX-12T,45632,34.4,0,0,0,0,0.0,0
D00189,HX-12T,8327,45.5,0,0,0,0,0.109,0
D00190,SG-16T,11890,36.8,4,0,0,0,0.525,0
D00191,HX-8T,32398,38.2,0,0,0,0,0.237,0
D00192,HX-12T,39732,30.1,0,0,0,0,0.167,0
D00193,SG-16T,3476,34.3,0,0,0,0,0.252,0
D00194,HX-8T,48478,27.1,0,0,0,0,0.333,0
D00195,HX-8T,19142,37.2,0,0,0,0,0.209,0
D00196,SG-16T,6040,37.8,0,0,0,0,0.218,0
D00197,HX-12T,16185,37.9,0,0,0,0,0.383,0
D00198,HX-8T,14022,30.5,6,1,0,0,0.21,0
D00199,HX-12T,34020,31.3,0,0,0,0,0.29,0
D00200,SG-16T,14577,30.5,0,0,0,0,0.58,0
D00201,SG-16T,23049,30.5,4,0,0,0,0.459,0
D00202,HX-12T,7407,30.7,0,0,0,5,0.173,0
D00203,SG-16T,26013,36.2,0,0,0,0,0.305,0
D00204,SG-16T,20594,35.2,0,0,0,0,0.368,0
D00205,HX-8T,30887,38.7,0,0,0,0,0.635,0
D00206,HX-12T,15888,37.5,48,3,0,0,0.763,1
D00207,HX-8T,39526,29.7,0,0,0,0,0.203,0
D00208,SG-16T,26130,33.0,0,0,0,0,0.436,0
D00209,HX-12T,17977,38.6,0,0,0,0,0.162,0
D00210,HX-8T,23881,29.5,0,0,0,0,0.376,0
D00211,SG-16T,578,32.4,0,0,0,0,0.494,0
D00212,SG-16T,41797,34.8,0,0,0,0,0.116,0
D00213,SG-16T,32160,31.1,0,0,0,0,0.266,0
D00214,HX-12T,1576,33.2,0,0,0,0,0.475,0
D00215,SG-16T,15378,37.4,0,1,0,0,0.334,0
D00216,SG-16T,19444,30.8,0,0,0,0,0.443,0
D00217,HX-8T,9142,34.5,94,0,6,27,0.055,1
D00218,HX-12T,51866,32.8,0,0,0,0,0.465,0
D00219,HX-8T,17161,34.5,0,0,0,0,0.302,0
D00220,HX-8T,10860,34.2,0,0,0,0,0.258,0
D00221,HX-12T,19550,36.7,0,0,0,0,0.245,0
D00222,HX-12T,38688,31.9,0,0,0,0,0.223,0
D00223,SG-16T,45777,35.3,0,0,0,1,0.329,0
D00224,HX-12T,48316,39.3,0,0,0,0,0.186,0
D00225,HX-8T,12156,28.4,0,0,0,0,0.502,0
D00226,SG-16T,35544,28.2,0,0,0,0,0.414,0
D00227,HX-12T,23842,37.0,0,0,0,0,0.385,0
D00228,HX-8T,10492,37.9,0,0,0,1,0.387,0
D00229,HX-12T,47087,37.8,0,0,0,8,0.442,0
D00230,HX-8T,9788,34.7,0,0,0,0,0.528,0
D00231,HX-8T,36154,33.7,0,1,0,0,0.489,0
D00232,HX-12T,46946,33.7,0,0,0,0,0.353,0
D00233,SG-16T,48272,40.1,33,9,3,0,0.67,0
D00234,HX-8T,21666,32.4,0,0,0,4,0.403,0
D00235,HX-8T,6256,31.0,0,0,0,7,0.524,0
D00236,HX-8T,16595,30.5,0,0,0,0,0.817,0
D00237,HX-8T,15643,37.5,24,1,0,0,0.611,1
D00238,HX-8T,12650,40.1,0,0,0,0,0.275,0
D00239,HX-12T,30113,35.8,0,0,0,0,0.049,0
D00240,HX-12T,44454,38.5,0,0,0,0,0.319,0
D00241,HX-8T,6889,39.5,0,0,0,0,0.144,0
D00242,HX-8T,37271,34.3,0,0,0,0,0.582,0
D00243,HX-12T,26498,38.9,0,0,0,0,0.185,0
D00244,HX-12T,24510,36.7,18,3,0,0,0.467,0
D00245,HX-12T,46474,32.7,0,0,0,9,0.345,0
D00246,HX-12T,15700,29.6,0,0,0,0,0.404,0
D00247,HX-12T,6223,36.9,0,0,0,0,0.426,0
D00248,HX-8T,41413,36.5,0,0,0,0,0.087,0
D00249,SG-16T,25187,28.9,0,0,0,0,0.272,0
D00250,HX-12T,25625,31.0,0,0,0,7,0.25,0
D00251,HX-8T,49149,35.6,0,0,0,0,0.053,0
D00252,SG-16T,32468,31.2,0,0,0,0,0.262,0
D00253,HX-12T,42511,33.8,1,1,0,0,0.516,0
D00254,HX-12T,29664,46.1,0,0,0,7,0.19,0
D00255,HX-12T,10174,27.1,0,0,0,0,0.466,0
D00256,HX-12T,16066,34.3,0,0,0,0,0.312,0
D00257,SG-16T,35203,34.4,0,0,0,0,0.36,0
D00258,HX-8T,27041,40.1,0,0,0,0,0.407,0
D00259,SG-16T,2886,37.0,0,0,0,0,0.071,0
D00260,HX-12T,37626,29.8,2,0,0,0,0.158,0
D00261,HX-12T,39575,39.0,0,0,0,0,0.339,0
D00262,HX-8T,40785,34.9,0,0,0,0,0.175,0
D00263,SG-16T,14861,39.9,0,0,0,0,0.373,0
D00264,SG-16T,23352,36.0,0,0,0,0,0.234,0
D00265,HX-8T,7798,35.6,0,0,0,0,0.197,0
D00266,HX-12T,45283,44.6,0,0,0,0,0.336,0
D00267,SG-16T,14479,37.0,0,0,0,1,0.361,0
D00268,HX-8T,14707,38.7,0,0,0,0,0.281,0
D00269,SG-16T,37788,40.1,0,0,0,0,0.276,0
D00270,HX-8T,46493,33.4,0,0,0,0,0.0,0
D00271,HX-8T,20203,39.7,0,0,0,11,0.181,0
D00272,SG-16T,42450,42.4,0,0,0,0,0.256,0
D00273,SG-16T,39820,29.6,0,0,0,0,0.418,0
D00274,SG-16T,30063,33.8,0,0,0,0,0.0,0
D00275,SG-16T,50902,34.2,0,0,0,0,0.112,0
D00276,HX-8T,25447,37.9,0,0,0,0,0.251,0
D00277,SG-16T,13031,38.0,0,0,0,0,0.338,0
D00278,HX-8T,20348,39.6,0,0,0,0,0.328,0
D00279,SG-16T,26640,38.6,14,0,0,0,0.774,1
D00280,SG-16T,50586,43.5,1,0,0,0,0.241,0
D00281,HX-12T,51596,33.4,0,0,0,6,0.205,0
D00282,HX-8T,47841,37.2,0,0,0,0,0.299,0
D00283,HX-12T,4839,43.6,0,0,0,0,0.336,0
D00284,SG-16T,11733,31.8,0,0,0,0,0.276,0
D00285,HX-8T,7063,33.7,0,0,0,0,0.108,0
D00286,SG-16T,50586,40.9,0,0,0,0,0.616,0
D00287,HX-8T,42383,45.2,0,0,0,0,0.1,0
D00288,SG-16T,23589,36.8,0,0,0,0,0.063,0
D00289,SG-16T,29304,40.2,0,0,0,0,0.264,0
D00290,HX-12T,24783,42.4,0,0,0,14,0.252,0
D00291,HX-8T,38294,36.3,0,0,0,0,0.54,0
D00292,HX-8T,10776,32.1,0,0,0,0,0.299,0
D00293,HX-12T,32326,39.2,0,0,0,2,0.495,0
D00294,HX-12T,47154,38.5,0,0,0,0,0.115,0
D00295,HX-8T,19262,35.2,0,0,0,2,0.231,0
D00296,HX-12T,37948,41.2,0,0,0,0,0.359,0
D00297,HX-12T,4147,30.6,0,0,0,0,0.21,0
D00298,SG-16T,30159,37.8,0,0,0,0,0.197,0
D00299,HX-8T,40452,37.8,3,0,0,0,0.398,0
D00300,HX-12T,44748,27.7,0,0,0,0,0.16,0
D00301,SG-16T,37045,37.2,6,0,0,0,0.173,0
D00302,HX-12T,10647,37.4,0,0,0,0,0.033,0
D00303,SG-16T,48465,34.9,0,0,0,0,0.301,0
D00304,HX-12T,16969,32.2,0,0,0,15,0.223,0
D00305,HX-8T,22862,34.2,0,0,0,0,0.605,0
D00306,SG-16T,33065,40.3,0,0,0,0,0.24,0
D00307,SG-16T,17301,32.8,0,0,0,2,0.324,0
D00308,HX-12T,34013,36.0,1,0,0,5,0.35,0
D00309,HX-12T,48558,36.4,0,0,0,7,0.186,0
D00310,HX-8T,6820,39.6,0,0,0,1,0.547,0
D00311,SG-16T,47021,40.8,0,0,0,0,0.188,0
D00312,HX-8T,36519,35.6,0,0,0,0,0.271,0
D00313,SG-16T,37021,33.6,0,0,0,0,0.044,0
D00314,HX-12T,21203,39.3,0,0,0,0,0.328,0
D00315,HX-8T,41857,35.1,0,0,0,0,0.0,0
D00316,HX-8T,9204,35.2,0,0,0,0,0.134,0
D00317,HX-8T,9857,32.5,0,0,0,0,0.238,0
D00318,SG-16T,10012,35.7,0,0,0,0,0.353,0
D00319,HX-12T,2103,40.8,0,0,0,0,0.236,0
D00320,HX-8T,36229,40.4,0,0,0,2,0.55,0
D00321,HX-12T,25409,38.2,0,0,0,0,0.458,0
D00322,HX-8T,8174,39.8,0,0,0,0,0.374,0
D00323,SG-16T,32735,29.9,0,0,0,14,0.436,0
D00324,SG-16T,6467,37.2,0,0,0,0,0.365,0
D00325,HX-8T,13942,30.2,0,0,0,0,0.084,0
D00326,HX-12T,41036,38.8,0,0,0,0,0.078,0
D00327,SG-16T,31005,35.4,56,15,0,0,0.931,0
D00328,SG-16T,9126,30.6,0,0,0,0,0.28,0
D00329,HX-12T,23451,39.6,0,0,0,0,0.441,0
D00330,HX-8T,30259,29.1,70,0,0,0,0.659,0
D00331,SG-16T,18046,41.7,0,0,0,0,0.068,0
D00332,HX-8T,27305,34.6,0,0,0,1,0.105,0
D00333,HX-12T,50057,42.1,0,0,0,0,0.074,0
D00334,HX-8T,8898,42.0,0,0,0,0,0.29,0
D00335,HX-8T,19137,38.6,0,0,0,0,0.329,0
D00336,HX-8T,31757,33.5,0,0,0,0,0.178,0
D00337,SG-16T,51521,40.6,0,0,0,0,0.244,0
D00338,HX-12T,22680,37.1,0,0,0,0,0.288,0
D00339,HX-12T,48701,37.9,0,0,0,0,0.509,0
D00340,HX-12T,37725,41.0,0,0,0,3,0.033,0
D00341,HX-12T,19163,37.6,0,0,0,0,0.395,0
D00342,HX-12T,10481,34.8,0,0,0,0,0.264,0
D00343,HX-12T,5923,34.6,0,0,0,0,0.197,0
D00344,HX-12T,15286,33.7,0,0,0,4,0.388,0
D00345,SG-16T,18651,37.7,0,0,0,1,0.278,0
D00346,HX-8T,6139,39.8,0,0,0,0,0.389,0
D00347,SG-16T,1237,35.5,0,0,0,0,0.584,0
D00348,HX-8T,12700,38.1,0,0,0,0,0.223,0
D00349,HX-8T,991,28.3,0,0,0,0,0.232,0
D00350,HX-8T,48949,33.4,0,0,0,0,0.276,0
D00351,SG-16T,15268,45.0,0,0,0,1,0.377,0
D00352,HX-12T,32046,37.8,0,0,0,0,0.327,0
D00353,HX-12T,28845,38.7,0,0,0,0,0.019,0
D00354,SG-16T,15064,28.7,0,0,0,0,0.084,0
D00355,SG-16T,48223,39.2,0,0,0,0,0.343,0
D00356,HX-8T,7466,30.9,3,0,0,0,0.511,0
D00357,SG-16T,24682,45.0,0,0,0,0,0.344,0
D00358,SG-16T,13604,35.3,0,0,0,0,0.416,0
D00359,SG-16T,35095,39.5,0,0,0,0,0.199,0
D00360,HX-12T,45135,43.2,0,0,0,0,0.501,0
D00361,HX-8T,9807,36.0,0,0,0,0,0.411,0
D00362,HX-8T,22034,40.1,0,0,0,0,0.452,0
D00363,HX-8T,32799,36.7,0,0,0,0,0.484,0
D00364,HX-8T,28491,35.6,0,0,0,0,0.28,0
D00365,HX-8T,20239,33.7,4,0,0,0,0.323,0
D00366,HX-8T,38985,28.9,0,0,0,0,0.268,0
D00367,HX-8T,48391,30.0,0,0,0,0,0.369,0
D00368,HX-12T,26515,38.4,0,0,0,0,0.275,0
D00369,HX-12T,30025,36.0,0,0,0,0,0.309,0
D00370,HX-12T,24376,31.1,0,0,0,0,0.123,0
D00371,SG-16T,1921,35.5,3,0,0,0,0.311,0
D00372,SG-16T,51037,35.2,0,0,0,0,0.103,0
D00373,SG-16T,34711,28.9,0,0,0,0,0.544,0
D00374,SG-16T,12216,29.1,0,0,0,0,0.521,0
D00375,SG-16T,45313,39.1,0,0,0,0,0.588,0
D00376,HX-8T,35130,37.4,0,0,0,3,0.481,0
D00377,SG-16T,41148,36.2,0,0,0,0,0.493,0
D00378,HX-12T,2879,31.4,0,0,0,0,0.091,0
D00379,SG-16T,5094,37.0,0,0,0,0,0.229,0
D00380,HX-8T,31062,35.4,0,0,0,0,0.333,0
D00381,HX-8T,3122,31.7,0,0,0,0,0.309,0
D00382,HX-12T,23780,34.1,0,0,0,2,0.376,0
D00383,HX-12T,33216,42.3,0,1,0,0,0.478,0
D00384,HX-12T,41856,34.4,0,0,0,0,0.252,0
D00385,SG-16T,19357,38.4,0,0,0,0,0.296,0
D00386,HX-8T,32187,42.3,0,0,0,0,0.422,0
D00387,SG-16T,19193,31.5,0,0,0,0,0.268,0
D00388,SG-16T,36423,35.5,0,0,0,0,0.377,0
D00389,SG-16T,50716,31.0,0,0,0,0,0.426,0
D00390,HX-8T,22434,37.4,0,0,0,1,0.188,0
D00391,HX-12T,41465,35.2,0,0,0,0,0.167,0
D00392,SG-16T,36833,35.6,0,0,0,0,0.545,0
D00393,HX-8T,6349,43.6,0,0,0,0,0.211,0
D00394,SG-16T,39760,29.6,0,0,0,0,0.172,0
D00395,HX-12T,24417,44.1,0,0,0,0,0.273,0
D00396,HX-8T,31238,33.7,0,0,0,0,0.438,0
D00397,HX-8T,21063,36.1,0,0,0,0,0.456,0
D00398,SG-16T,4817,39.5,0,0,0,0,0.321,0
D00399,SG-16T,35880,38.0,0,0,0,0,0.393,0
D00400,HX-12T,37769,31.3,0,0,0,1,0.191,0
D00401,HX-12T,26517,30.9,0,0,0,0,0.272,0
D00402,HX-12T,22849,38.4,0,0,0,0,0.48,0
D00403,HX-12T,29152,31.1,0,0,0,0,0.319,0
D00404,SG-16T,49615,38.3,0,0,0,0,0.521,0
D00405,HX-12T,38991,34.1,0,0,0,0,0.226,0
D00406,HX-12T,26539,37.2,0,0,0,0,0.282,0
D00407,HX-12T,50474,35.1,0,0,0,0,0.187,0
D00408,HX-12T,6394,31.9,0,0,0,0,0.436,0
D00409,HX-8T,45601,31.7,0,0,0,0,0.264,0
D00410,SG-16T,761,35.0,0,0,0,0,0.148,0
D00411,SG-16T,9484,43.9,0,0,0,0,0.244,1
D00412,HX-12T,6295,43.3,0,0,0,0,0.094,0
D00413,SG-16T,3719,46.4,0,0,0,0,0.653,0
D00414,SG-16T,14551,46.5,0,0,0,0,0.346,0
D00415,HX-8T,43528,39.9,0,0,0,0,0.171,0
D00416,SG-16T,1061,39.5,0,0,0,0,0.259,0
D00417,SG-16T,16657,29.2,0,0,0,0,0.042,0
D00418,HX-12T,32778,41.9,0,0,0,0,0.484,0
D00419,HX-12T,32866,36.9,0,0,0,6,0.534,0
D00420,HX-12T,44784,36.6,0,0,0,1,0.298,0
D00421,HX-8T,49032,35.8,0,0,0,0,0.364,0
D00422,HX-8T,48764,35.9,2,1,0,0,0.204,0
D00423,HX-12T,2378,30.2,10,5,12,0,0.353,1
D00424,SG-16T,40385,37.3,0,0,0,0,0.274,0
D00425,HX-12T,31205,44.0,0,0,0,0,0.15,0
D00426,SG-16T,939,39.3,9,0,0,1,0.349,0
D00427,HX-8T,28873,36.1,0,0,0,0,0.55,0
D00428,HX-8T,22599,36.8,0,0,0,0,0.412,0
D00429,SG-16T,39901,36.1,0,0,0,0,0.059,0
D00430,HX-8T,44634,41.8,0,0,0,0,0.459,1
D00431,SG-16T,14746,32.1,0,0,0,11,0.249,0
D00432,HX-12T,14780,41.4,0,0,0,0,0.441,0
D00433,SG-16T,12294,31.1,0,0,0,0,0.501,0
D00434,SG-16T,38286,34.3,0,0,0,0,0.166,0
D00435,SG-16T,35524,37.6,0,0,0,0,0.507,0
D00436,SG-16T,19540,39.3,0,0,0,0,0.327,0
D00437,SG-16T,20961,42.1,11,0,2,0,0.585,0
D00438,SG-16T,33478,36.6,0,0,0,0,0.242,0
D00439,HX-8T,25014,37.6,0,0,0,0,0.264,0
D00440,HX-8T,24471,36.9,0,0,0,0,0.246,0
D00441,SG-16T,25774,34.4,107,0,0,0,0.747,0
D00442,SG-16T,30352,28.9,0,0,0,0,0.028,0
D00443,SG-16T,628,43.3,0,0,0,0,0.297,0
D00444,HX-12T,35617,41.0,0,0,0,0,0.244,0
D00445,HX-12T,14951,30.9,0,0,0,0,0.644,0
D00446,HX-12T,48369,33.1,0,0,0,0,0.377,0
D00447,SG-16T,50169,37.3,0,0,0,3,0.279,0
D00448,HX-8T,5966,33.4,0,0,0,0,0.121,0
D00449,HX-12T,699,43.9,0,0,0,0,0.0,0
D00450,HX-12T,2140,37.3,0,0,0,0,0.199,0
D00451,SG-16T,10221,35.5,0,0,0,0,0.437,0
D00452,HX-12T,32869,37.8,0,0,0,0,0.496,0
D00453,HX-12T,5292,38.9,0,0,0,0,0.435,0
D00454,HX-12T,39920,37.5,0,0,0,7,0.0,0
D00455,HX-8T,23439,37.4,0,0,0,0,0.146,0
D00456,HX-8T,16463,38.2,0,0,0,0,0.212,0
D00457,HX-12T,49071,34.6,0,0,0,0,0.482,0
D00458,HX-12T,41975,36.2,26,0,0,0,0.666,1
D00459,HX-12T,5467,31.3,0,0,0,0,0.081,0
D00460,SG-16T,45109,40.6,3,0,0,0,0.522,0
D00461,SG-16T,15810,39.9,0,0,0,0,0.179,0
D00462,HX-12T,20265,36.3,0,0,0,0,0.252,0
D00463,HX-12T,8245,28.4,0,0,0,0,0.427,0
D00464,SG-16T,5976,36.1,0,0,0,0,0.304,0
D00465,SG-16T,22296,27.5,0,0,0,0,0.287,0
D00466,HX-8T,21034,36.0,2,0,0,0,0.166,0
D00467,HX-12T,32194,29.5,0,0,0,0,0.449,0
D00468,HX-8T,7920,36.1,0,0,0,0,0.238,0
D00469,HX-8T,44544,33.6,0,0,0,0,0.378,0
D00470,HX-12T,20028,31.6,0,0,0,0,0.0,0
D00471,HX-8T,39882,34.8,0,0,0,0,0.235,0
D00472,HX-12T,34647,36.1,0,0,0,0,0.216,0
D00473,SG-16T,12147,33.0,0,0,0,0,0.25,0
D00474,HX-12T,3927,37.0,0,0,0,0,0.291,0
D00475,HX-8T,20650,41.9,0,0,0,0,0.348,0
D00476,SG-16T,46831,32.6,0,0,0,0,0.331,0
D00477,HX-8T,14996,36.1,2,3,2,0,0.507,1
D00478,HX-8T,45522,30.8,0,0,0,0,0.426,0
D00479,SG-16T,35125,32.2,0,0,0,2,0.352,0
D00480,SG-16T,3244,36.8,0,0,0,0,0.072,0
D00481,HX-8T,23065,32.6,0,0,0,0,0.408,0
D00482,SG-16T,4190,48.6,0,0,0,0,0.073,0
D00483,HX-8T,20523,34.8,2,0,0,0,0.396,0
D00484,HX-8T,39016,41.3,0,0,0,0,0.325,0
D00485,HX-8T,33302,36.1,0,0,0,0,0.322,0
D00486,HX-12T,576,43.2,0,0,0,0,0.221,0
D00487,SG-16T,7508,40.4,0,0,0,0,0.0,0
D00488,SG-16T,27322,37.3,0,1,0,0,0.199,0
D00489,HX-8T,39571,29.2,0,0,0,0,0.264,0
D00490,HX-8T,3391,38.7,0,0,0,0,0.168,0
D00491,SG-16T,41680,36.5,0,0,0,0,0.401,0
D00492,HX-8T,21726,36.9,0,0,0,0,0.176,0
D00493,SG-16T,3737,36.7,0,0,0,0,0.273,0
D00494,HX-12T,3579,41.7,5,0,0,0,0.359,0
D00495,SG-16T,51185,43.6,0,0,0,9,0.412,0
D00496,HX-12T,44974,28.6,0,0,0,0,0.204,0
D00497,HX-12T,47813,37.6,0,0,0,0,0.286,0
D00498,HX-12T,28268,35.2,1,0,0,0,0.687,0
D00499,SG-16T,21401,45.1,0,0,0,0,0.159,1
D00500,SG-16T,24123,37.1,0,0,0,0,0.15,0
D00501,HX-8T,8026,41.7,0,0,0,0,0.373,0
D00502,HX-8T,18503,40.6,0,0,0,0,0.482,0
D00503,HX-8T,18216,33.3,0,0,0,0,0.154,0
D00504,HX-12T,30649,36.0,0,0,0,0,0.3,0
D00505,HX-12T,34026,38.6,0,0,0,0,0.247,0
D00506,HX-12T,34974,33.9,0,0,0,0,0.469,0
D00507,HX-8T,43307,28.3,0,0,0,0,0.455,0
D00508,SG-16T,31276,33.9,76,7,0,0,0.662,0
D00509,SG-16T,33660,31.3,0,0,0,1,0.462,0
D00510,HX-12T,33428,39.7,0,0,0,0,0.448,0
D00511,SG-16T,18317,38.5,0,0,0,0,0.21,0
D00512,HX-8T,25022,38.6,0,0,0,0,0.255,0
D00513,HX-12T,30657,41.2,0,0,0,0,0.216,0
D00514,SG-16T,10714,34.5,0,0,0,0,0.186,0
D00515,HX-8T,2805,28.8,0,0,0,0,0.169,0
D00516,SG-16T,34199,41.1,0,0,0,0,0.302,0
D00517,SG-16T,7872,31.2,1,0,0,0,0.401,0
D00518,HX-8T,46597,34.0,25,3,0,0,0.633,1
D00519,HX-8T,3358,34.3,0,0,0,0,0.269,0
D00520,SG-16T,49736,40.0,0,0,0,0,0.158,0
D00521,HX-12T,21006,32.8,0,0,0,0,0.245,0
D00522,HX-8T,19758,35.0,0,0,0,0,0.408,0
D00523,HX-12T,44724,43.8,0,0,0,0,0.054,0
D00524,HX-8T,1168,40.9,0,0,0,0,0.164,0
D00525,HX-12T,37482,36.5,4,1,0,0,0.31,0
D00526,HX-8T,43917,33.7,0,0,0,0,0.003,0
D00527,HX-12T,24076,37.3,3,2,4,0,0.769,0
D00528,HX-8T,48976,40.5,0,0,0,0,0.579,0
D00529,HX-12T,47735,30.2,0,0,0,0,0.315,0
D00530,HX-12T,41013,38.5,0,0,0,0,0.291,0
D00531,HX-8T,42030,34.6,0,0,0,0,0.233,0
D00532,HX-12T,42695,37.5,0,0,0,0,0.008,0
D00533,HX-12T,31192,30.8,0,0,0,0,0.35,0
D00534,HX-8T,11121,35.3,0,0,0,0,0.48,0
D00535,HX-8T,17498,33.9,0,0,0,0,0.305,0
D00536,HX-12T,29521,42.2,0,0,0,0,0.456,0
D00537,SG-16T,25380,32.9,0,0,0,0,0.258,0
D00538,SG-16T,3969,36.0,0,0,0,0,0.169,0
D00539,HX-12T,42881,40.4,0,0,0,0,0.167,0
D00540,HX-12T,11949,43.5,0,0,0,0,0.369,0
D00541,HX-12T,44006,33.1,11,6,3,0,0.536,1
D00542,HX-8T,13869,32.0,0,0,0,0,0.358,0
D00543,HX-8T,51075,33.3,0,0,0,0,0.293,0
D00544,SG-16T,23353,32.0,0,0,0,0,0.55,0
D00545,HX-12T,26165,44.6,0,0,0,7,0.287,0
D00546,HX-8T,47346,40.5,0,0,0,0,0.0,0
D00547,SG-16T,2080,39.4,0,0,0,0,0.337,0
D00548,SG-16T,36167,36.2,0,0,0,0,0.379,0
D00549,SG-16T,10737,33.0,0,0,0,10,0.311,0
D00550,HX-8T,11020,33.7,0,0,0,3,0.317,0
D00551,SG-16T,36804,31.0,0,0,0,0,0.418,0
D00552,HX-8T,26168,30.5,0,0,0,0,0.252,0
D00553,HX-12T,20905,33.8,0,0,0,0,0.223,0
D00554,HX-8T,6402,34.3,0,0,0,0,0.55,0
D00555,HX-12T,42020,34.4,0,0,0,0,0.239,0
D00556,HX-12T,15172,36.9,0,0,0,0,0.301,0
D00557,HX-12T,49066,23.3,0,0,0,0,0.525,0
D00558,HX-8T,8422,37.8,0,0,0,0,0.18,1
D00559,HX-8T,23120,33.5,0,0,0,0,0.217,0
D00560,HX-12T,29158,38.5,0,0,0,0,0.471,0
D00561,HX-12T,13076,44.6,0,0,0,0,0.139,0
D00562,HX-12T,10224,36.2,0,0,0,0,0.504,0
D00563,SG-16T,40132,40.1,0,1,0,0,0.467,0
D00564,HX-12T,3114,33.9,0,0,0,0,0.131,0
D00565,HX-12T,28861,39.7,0,0,0,0,0.174,0
D00566,SG-16T,30518,34.4,0,0,0,0,0.051,0
D00567,HX-12T,37969,39.2,0,0,0,0,0.401,0
D00568,SG-16T,9903,38.0,0,0,0,0,0.196,0
D00569,HX-12T,50235,38.9,0,0,0,0,0.241,0
D00570,SG-16T,6298,34.9,0,0,0,0,0.331,0
D00571,HX-8T,2256,41.6,0,0,0,0,0.559,0
D00572,HX-8T,36468,41.3,0,0,0,0,0.356,0
D00573,HX-8T,43143,43.0,0,0,0,0,0.249,0
D00574,HX-12T,26514,35.6,0,0,0,0,0.214,0
D00575,SG-16T,21310,30.2,0,0,0,0,0.689,0
D00576,HX-8T,10006,38.9,0,0,0,0,0.317,0
D00577,HX-12T,10988,32.8,0,0,0,0,0.319,0
D00578,HX-12T,16029,35.2,0,0,0,0,0.236,0
D00579,HX-12T,19530,39.1,0,0,0,0,0.174,0
D00580,HX-12T,47752,38.8,0,0,0,0,0.553,0
D00581,HX-12T,18617,33.3,0,0,0,8,0.48,0
D00582,HX-12T,32736,36.7,0,1,0,0,0.356,0
D00583,HX-12T,36826,38.3,0,0,0,0,0.321,0
D00584,HX-8T,14206,29.9,0,0,0,0,0.405,0
D00585,HX-8T,26488,37.0,0,0,0,0,0.516,0
D00586,HX-12T,21688,37.8,0,0,0,0,0.27,0
D00587,HX-12T,27149,29.5,0,0,0,0,0.376,0
D00588,SG-16T,1212,27.9,0,0,0,0,0.421,0
D00589,HX-8T,29355,36.9,0,0,0,0,0.44,0
D00590,HX-8T,22972,36.6,0,1,0,0,0.338,0
D00591,SG-16T,17287,33.5,0,0,0,0,0.355,0
D00592,SG-16T,50231,34.3,128,0,0,0,0.612,0
D00593,HX-12T,9088,38.1,0,0,0,0,0.349,0
D00594,SG-16T,49495,38.4,0,0,0,0,0.35,0
D00595,HX-8T,41953,39.9,0,0,0,1,0.254,1
D00596,HX-8T,19716,36.6,0,0,0,0,0.126,0
D00597,HX-12T,565,30.6,0,0,0,0,0.189,0
D00598,HX-12T,46890,30.8,0,0,0,0,0.522,0
D00599,SG-16T,5581,35.0,0,0,0,0,0.214,0
D00600,HX-8T,35265,29.2,0,0,0,0,0.388,0
D00601,HX-8T,28982,33.5,0,0,0,0,0.309,0
D00602,HX-12T,24701,40.7,0,0,0,0,0.439,0
D00603,SG-16T,18777,35.8,0,0,0,10,0.344,0
D00604,HX-12T,40306,42.1,0,0,0,0,0.496,0
D00605,HX-8T,4573,32.3,41,0,0,0,0.319,1
D00606,HX-8T,21586,40.9,0,0,0,0,0.258,0
D00607,SG-16T,48600,32.6,121,2,0,0,0.618,0
D00608,HX-8T,15473,33.3,6,0,0,0,1.007,0
D00609,HX-12T,24807,38.5,0,0,0,0,0.28,0
D00610,HX-8T,24651,35.1,0,0,0,0,0.181,0
D00611,HX-12T,44511,43.5,0,1,0,0,0.217,0
D00612,HX-12T,21817,38.3,0,0,0,1,0.324,0
D00613,HX-12T,41154,31.9,0,0,0,0,0.174,1
D00614,HX-8T,51718,40.2,0,0,0,0,0.396,0
D00615,HX-12T,48098,38.7,0,0,0,0,0.278,0
D00616,HX-12T,28538,31.1,0,0,0,0,0.426,0
D00617,HX-12T,31472,37.5,1,0,0,0,0.513,0
D00618,HX-12T,32822,37.0,0,0,0,0,0.551,0
D00619,HX-12T,17329,34.1,0,0,0,0,0.229,0
D00620,SG-16T,30987,30.7,0,0,0,0,0.194,0
D00621,SG-16T,7309,34.8,0,0,0,8,0.613,0
D00622,SG-16T,43033,36.0,0,0,0,0,0.531,0
D00623,HX-8T,14560,41.0,0,0,0,0,0.373,0
D00624,HX-12T,19434,27.9,0,0,0,0,0.345,0
D00625,HX-12T,8973,34.8,0,0,0,0,0.0,0
D00626,HX-8T,24250,40.3,0,0,0,0,0.135,0
D00627,HX-8T,51637,34.8,0,0,0,0,0.283,0
D00628,HX-8T,7760,37.5,0,0,0,0,0.494,0
D00629,HX-8T,21773,40.7,0,0,0,0,0.614,0
D00630,SG-16T,6898,38.0,0,0,0,0,0.432,0
D00631,SG-16T,21692,31.2,118,0,2,0,0.398,0
D00632,HX-12T,39993,37.1,0,0,0,0,0.162,0
D00633,HX-8T,14322,35.1,0,0,0,0,0.665,0
D00634,HX-12T,30397,39.8,0,0,0,0,0.325,0
D00635,SG-16T,45001,33.5,0,0,0,0,0.18,0
D00636,HX-12T,47772,40.3,0,0,0,0,0.135,0
D00637,HX-12T,21674,35.8,0,0,0,0,0.27,0
D00638,SG-16T,46010,39.1,0,0,0,0,0.468,0
D00639,HX-12T,50407,41.1,0,0,0,0,0.219,0
D00640,HX-12T,22688,32.0,0,0,0,0,0.259,0
D00641,HX-8T,27441,35.2,0,0,0,0,0.16,0
D00642,HX-12T,37613,38.0,0,0,0,0,0.387,0
D00643,SG-16T,24242,41.7,0,0,0,0,0.389,0
D00644,HX-12T,47587,29.9,0,0,0,0,0.075,0
D00645,HX-12T,39552,38.6,0,0,0,0,0.366,0
D00646,SG-16T,25505,35.2,0,0,0,0,0.245,0
D00647,HX-12T,36501,37.3,0,0,0,0,0.648,0
D00648,HX-8T,45223,37.8,0,0,0,0,0.178,0
D00649,SG-16T,8334,35.5,5,0,0,0,0.129,0
D00650,HX-12T,19820,32.5,0,0,0,0,0.163,0
D00651,SG-16T,49829,37.0,0,0,0,0,0.101,0
D00652,HX-12T,45257,33.3,0,0,0,0,0.479,0
D00653,HX-12T,49830,30.5,0,0,0,0,0.124,0
D00654,SG-16T,4232,37.5,0,0,0,0,0.019,0
D00655,HX-8T,16416,37.4,0,0,0,0,0.448,0
D00656,HX-8T,20107,34.9,0,0,0,0,0.411,0
D00657,HX-8T,47122,35.7,0,0,0,0,0.22,0
D00658,HX-8T,15608,36.7,0,0,0,0,0.541,0
D00659,SG-16T,9135,34.4,1,11,0,0,0.647,0
D00660,HX-12T,50151,32.2,0,0,0,2,0.107,0
D00661,HX-12T,41598,31.7,0,0,0,0,0.243,0
D00662,HX-8T,8798,34.1,1,0,0,0,0.493,0
D00663,SG-16T,13171,34.4,0,0,0,0,0.297,0
D00664,HX-8T,41452,27.7,0,0,0,0,0.088,0
D00665,SG-16T,10337,32.0,0,0,0,0,0.259,0
D00666,HX-12T,5532,34.6,0,0,0,4,0.172,0
D00667,HX-12T,43534,33.0,1,0,0,0,0.746,0
D00668,HX-8T,20113,32.0,0,0,0,0,0.329,0
D00669,HX-12T,29184,34.3,0,0,0,0,0.25,0
D00670,SG-16T,44948,36.0,0,0,0,0,0.39,0
D00671,SG-16T,33122,34.1,0,0,0,0,0.25,0
D00672,SG-16T,20034,39.6,0,0,0,0,0.366,0
D00673,SG-16T,5480,35.5,0,0,0,0,0.226,0
D00674,HX-12T,18006,41.0,0,0,0,0,0.178,0
D00675,HX-12T,21690,34.5,0,0,0,0,0.313,0
D00676,HX-8T,37229,32.9,0,0,0,0,0.421,0
D00677,SG-16T,1701,44.3,0,0,0,0,0.085,0
D00678,HX-8T,37733,33.3,0,0,0,0,0.224,0
D00679,HX-8T,2479,36.0,0,0,0,0,0.211,0
D00680,HX-12T,48795,32.8,0,0,0,11,0.366,0
D00681,HX-12T,42304,37.6,4,0,0,0,0.196,0
D00682,HX-12T,1622,33.6,0,0,0,0,0.167,0
D00683,HX-12T,28618,31.8,0,0,0,0,0.214,0
D00684,HX-8T,1094,34.7,0,0,0,0,0.348,0
D00685,SG-16T,8373,31.7,0,0,0,0,0.38,0
D00686,HX-8T,10279,34.9,0,0,0,0,0.371,0
D00687,SG-16T,18167,39.4,0,0,0,0,0.149,0
D00688,HX-8T,50462,34.2,0,0,0,0,0.473,0
D00689,SG-16T,18378,35.8,0,0,0,0,0.166,0
D00690,HX-8T,49636,40.1,0,0,0,0,0.535,0
D00691,HX-8T,35931,39.0,0,0,0,0,0.09,0
D00692,SG-16T,44861,36.7,0,0,0,0,0.222,0
D00693,HX-8T,36712,41.3,0,0,0,0,0.231,0
D00694,SG-16T,16849,34.9,0,0,0,0,0.865,0
D00695,HX-12T,49874,38.1,0,0,0,0,0.419,0
D00696,HX-12T,29781,35.3,0,0,0,0,0.208,0
D00697,SG-16T,23244,33.1,7,0,0,0,0.373,0
D00698,HX-12T,10630,34.7,0,0,0,0,0.157,0
D00699,HX-12T,19033,28.2,2,0,0,0,0.305,0
D00700,HX-8T,7714,39.8,0,0,0,0,0.322,0
D00701,HX-8T,29087,37.7,61,0,0,0,0.649,0
D00702,SG-16T,38143,37.4,0,0,0,0,0.38,0
D00703,HX-8T,32634,35.4,2,0,0,0,0.417,0
D00704,HX-12T,24191,36.4,0,0,0,0,0.082,0
D00705,HX-12T,31506,36.7,0,0,0,0,0.341,0
D00706,SG-16T,33994,38.7,0,0,0,0,0.254,0
D00707,HX-12T,23659,27.7,0,0,0,0,0.328,0
D00708,SG-16T,18189,33.6,1,0,0,0,0.533,0
D00709,SG-16T,39305,39.1,0,0,0,1,0.53,0
D00710,HX-8T,10974,35.0,0,0,0,0,0.0,0
D00711,HX-8T,7538,37.7,0,0,0,0,0.278,0
D00712,SG-16T,39781,35.8,0,0,0,0,0.106,0
D00713,HX-8T,21513,31.7,0,0,0,0,0.489,0
D00714,HX-12T,7667,34.6,0,0,0,0,0.362,0
D00715,HX-8T,50268,31.1,0,0,0,0,0.18,0
D00716,HX-8T,44640,41.3,0,0,0,0,0.34,0
D00717,HX-12T,10117,37.3,0,0,0,0,0.277,0
D00718,HX-8T,18032,41.3,0,0,0,0,0.24,0
D00719,HX-12T,29612,39.4,0,0,0,0,0.092,0
D00720,HX-12T,7004,36.3,0,0,0,0,0.035,0
D00721,HX-8T,20778,31.1,0,0,0,0,0.378,0
D00722,SG-16T,30369,37.9,0,0,0,0,0.696,0
D00723,HX-8T,50676,35.0,0,0,0,0,0.198,0
D00724,HX-12T,29248,33.9,6,11,0,0,0.547,0
D00725,HX-8T,7303,33.3,0,0,0,0,0.354,0
D00726,SG-16T,16721,33.3,2,0,0,0,0.42,0
D00727,SG-16T,12582,35.7,0,0,0,0,0.454,0
D00728,SG-16T,37115,38.6,0,0,0,0,0.091,0
D00729,SG-16T,22988,32.1,0,0,0,0,0.548,0
D00730,HX-12T,27331,44.0,0,0,0,0,0.152,0
D00731,SG-16T,36013,28.9,0,0,0,0,0.289,0
D00732,SG-16T,43057,38.9,0,0,0,0,0.342,0
D00733,SG-16T,46499,37.9,0,0,0,0,0.207,0
D00734,HX-12T,4773,35.9,0,0,0,0,0.123,0
D00735,SG-16T,28300,39.4,0,0,0,0,0.301,0
D00736,HX-12T,40828,33.5,0,0,0,0,0.104,0
D00737,HX-12T,16014,34.0,0,0,0,0,0.0,0
D00738,SG-16T,13709,38.1,0,0,0,0,0.047,0
D00739,HX-12T,10015,35.4,0,0,0,0,0.633,0
D00740,HX-8T,15254,35.8,0,0,0,0,0.368,0
D00741,HX-12T,1658,39.0,0,0,0,0,0.365,0
D00742,HX-12T,13044,34.2,0,0,0,0,0.455,0
D00743,HX-12T,4198,35.4,0,0,0,0,0.233,0
D00744,SG-16T,15301,35.1,0,0,0,0,0.386,0
D00745,HX-8T,7659,43.7,0,0,0,0,0.227,0
D00746,SG-16T,2996,40.5,0,0,0,0,0.38,0
D00747,HX-12T,49575,33.9,0,0,0,0,0.428,0
D00748,HX-12T,706,37.8,2,0,0,0,0.35,0
D00749,HX-8T,18612,37.0,0,0,0,0,0.711,0
D00750,SG-16T,50234,44.5,0,0,0,0,0.159,0
D00751,HX-12T,13843,34.4,2,0,0,0,0.263,0
D00752,SG-16T,41520,31.2,0,0,0,0,0.506,0
D00753,HX-8T,24784,33.9,3,0,0,0,0.343,0
D00754,HX-12T,32082,35.0,0,0,0,0,0.026,0
D00755,SG-16T,24689,40.6,0,0,0,0,0.485,0
D00756,HX-8T,29313,36.5,0,0,0,0,0.319,0
D00757,SG-16T,32487,27.9,0,0,0,0,0.232,0
D00758,HX-12T,40378,33.6,0,0,0,0,0.183,0
D00759,SG-16T,45191,34.7,0,0,0,15,0.355,0
D00760,HX-12T,34420,39.9,0,0,0,0,0.432,0
D00761,SG-16T,39843,33.2,0,0,0,0,0.123,0
D00762,HX-12T,39014,34.4,0,0,0,0,0.407,0
D00763,HX-8T,21015,32.4,0,0,0,0,0.222,0
D00764,HX-8T,10964,38.8,0,0,0,0,0.515,0
D00765,SG-16T,34687,35.1,0,0,0,0,0.466,0
D00766,HX-8T,48942,32.6,0,4,0,0,0.449,0
D00767,HX-12T,11948,40.6,0,0,0,0,0.062,0
D00768,HX-12T,29180,42.6,0,0,0,0,0.323,0
D00769,SG-16T,48279,30.7,0,0,0,0,0.223,0
D00770,HX-8T,11546,35.2,0,0,0,0,0.3,0
D00771,HX-8T,41774,42.7,0,0,0,0,0.271,0
D00772,HX-12T,4607,36.4,0,0,0,0,0.47,0
D00773,SG-16T,10836,32.4,0,0,0,0,0.09,0
D00774,HX-8T,23214,33.4,0,0,0,0,0.561,0
D00775,SG-16T,4115,31.1,0,0,0,0,0.309,0
D00776,HX-12T,15678,43.2,0,0,0,0,0.252,0
D00777,HX-8T,21568,35.5,0,0,0,0,0.2,0
D00778,SG-16T,50027,31.6,0,0,0,0,0.212,1
D00779,HX-12T,2902,37.2,0,0,0,0,0.64,0
D00780,SG-16T,11116,36.9,0,0,0,0,0.182,0
D00781,SG-16T,32667,40.7,0,0,0,0,0.298,0
D00782,HX-12T,49713,28.7,0,0,0,0,0.411,0
D00783,SG-16T,39890,31.7,0,0,0,0,0.142,0
D00784,SG-16T,36377,31.0,0,0,0,13,0.17,0
D00785,SG-16T,41813,31.3,0,0,0,0,0.222,0
D00786,HX-12T,29780,39.1,0,0,0,0,0.16,0
D00787,SG-16T,44182,42.6,0,0,0,0,0.124,0
D00788,HX-12T,40299,32.6,0,0,0,0,0.437,1
D00789,HX-12T,30649,29.9,0,0,0,0,0.568,1
D00790,HX-8T,27174,33.6,0,0,0,0,0.215,0
D00791,SG-16T,34466,36.4,0,0,0,0,0.146,0
D00792,HX-12T,17612,38.7,0,0,0,0,0.243,0
D00793,SG-16T,45052,37.3,0,0,0,9,0.221,0
D00794,HX-12T,31781,37.2,0,0,0,0,0.321,0
D00795,HX-12T,33656,39.6,44,0,3,0,0.508,0
D00796,HX-8T,41983,40.0,0,0,0,0,0.462,0
D00797,HX-12T,12771,30.4,0,0,0,2,0.361,0
D00798,HX-12T,1651,32.2,0,0,0,0,0.308,0
D00799,SG-16T,33429,34.2,0,0,0,0,0.59,0
D00800,SG-16T,25632,34.2,0,0,0,0,0.12,0
D00801,HX-8T,30120,31.4,0,0,0,0,0.338,0
D00802,HX-12T,11069,37.2,0,0,0,0,0.31,1
D00803,HX-8T,9325,28.7,0,0,0,0,0.64,0
D00804,HX-12T,2957,36.9,0,0,0,0,0.437,0
D00805,HX-8T,49564,35.0,0,0,0,1,0.356,0
D00806,SG-16T,39605,45.2,0,0,0,0,0.453,0
D00807,HX-8T,50438,35.2,38,0,0,0,0.583,0
D00808,SG-16T,13746,36.2,0,0,0,0,0.252,0
D00809,HX-12T,21125,37.2,0,0,0,0,0.486,0
D00810,SG-16T,24947,34.6,0,0,0,4,0.458,0
D00811,HX-8T,3463,37.8,17,0,0,0,0.069,0
D00812,SG-16T,35902,36.3,0,0,0,0,0.294,0
D00813,HX-12T,28212,34.9,0,0,0,0,0.165,0
D00814,HX-8T,26266,32.4,1,0,0,0,0.296,0
D00815,HX-8T,21414,35.7,0,0,0,0,0.107,0
D00816,SG-16T,38908,38.9,0,0,0,0,0.15,0
D00817,SG-16T,6172,33.7,0,0,0,0,0.223,0
D00818,HX-8T,51082,34.2,0,0,0,0,0.224,0
D00819,SG-16T,13304,32.0,0,0,0,0,0.638,0
D00820,HX-12T,7777,45.4,2,0,0,0,0.44,0
D00821,SG-16T,3878,36.6,3,0,0,2,0.169,0
D00822,HX-12T,25153,43.9,0,0,0,2,0.338,0
D00823,HX-12T,50901,29.4,0,0,0,0,0.283,0
D00824,HX-12T,16920,36.2,0,0,0,0,0.243,0
D00825,SG-16T,6399,35.8,0,0,0,1,0.331,0
D00826,SG-16T,7151,31.5,0,0,0,0,0.527,0
D00827,SG-16T,34942,41.0,0,0,0,0,0.421,0
D00828,HX-12T,8643,33.0,0,0,0,0,0.182,0
D00829,HX-12T,21994,38.4,0,0,0,0,0.049,0
D00830,HX-12T,14634,34.1,0,0,0,0,0.189,0
D00831,HX-8T,23801,37.6,8,0,0,0,0.296,0
D00832,HX-8T,47125,36.4,0,0,0,0,0.225,0
D00833,HX-8T,3967,38.0,0,0,0,0,0.391,0
D00834,HX-8T,36343,35.4,0,0,0,0,0.171,0
D00835,HX-8T,41187,29.4,0,0,0,0,0.48,0
D00836,SG-16T,24671,35.3,0,0,0,8,0.239,0
D00837,HX-12T,2092,35.7,0,0,0,0,0.253,0
D00838,HX-12T,47871,37.4,0,0,0,0,0.343,0
D00839,HX-12T,37651,33.1,0,0,0,0,0.272,0
D00840,HX-8T,44716,36.3,0,0,0,0,0.228,0
D00841,SG-16T,49221,40.5,0,0,0,0,0.109,0
D00842,HX-8T,16806,36.6,0,0,0,0,0.194,0
D00843,SG-16T,12471,39.4,0,0,0,0,0.17,0
D00844,SG-16T,41902,37.0,0,0,0,0,0.06,0
D00845,SG-16T,45008,40.9,0,0,0,0,0.31,0
D00846,HX-8T,50202,32.7,0,0,0,0,0.19,0
D00847,HX-8T,10549,39.0,0,0,0,0,0.075,0
D00848,HX-8T,21379,27.6,0,0,0,0,0.037,0
D00849,SG-16T,31638,33.2,0,0,0,0,0.304,0
D00850,SG-16T,5058,39.6,0,0,0,0,0.418,0
D00851,HX-12T,5533,34.1,0,0,0,0,0.545,0
D00852,HX-8T,14038,43.1,0,0,0,0,0.326,0
D00853,HX-8T,51999,36.8,87,8,3,6,0.693,1
D00854,HX-12T,44805,38.7,0,0,0,0,0.404,0
D00855,SG-16T,37954,34.4,10,0,0,0,0.255,0
D00856,HX-12T,13985,30.0,0,0,0,0,0.443,0
D00857,SG-16T,20931,42.8,0,0,0,0,0.331,0
D00858,HX-8T,17236,34.2,0,0,0,0,0.201,0
D00859,HX-12T,51588,39.9,0,0,0,0,0.065,0
D00860,HX-8T,34314,33.5,98,1,0,0,0.715,0
D00861,HX-8T,37579,37.4,0,0,0,5,0.505,0
D00862,HX-12T,50911,34.1,0,0,0,0,0.197,0
D00863,HX-12T,35653,33.5,0,0,0,0,0.135,0
D00864,SG-16T,33406,31.7,0,0,0,0,0.385,0
D00865,HX-12T,37224,39.6,0,0,0,0,0.508,0
D00866,HX-8T,17109,42.8,0,0,0,0,0.457,0
D00867,HX-12T,32603,30.5,0,0,0,0,0.487,0
D00868,HX-12T,13835,36.4,0,0,0,0,0.013,0
D00869,SG-16T,14463,40.7,0,0,0,0,0.335,0
D00870,SG-16T,6435,36.0,0,0,0,0,0.742,0
D00871,HX-12T,36594,40.6,0,0,0,0,0.458,0
D00872,HX-12T,34309,35.0,0,0,0,0,0.247,0
D00873,SG-16T,36166,40.1,34,1,0,0,0.544,0
D00874,HX-12T,20245,42.7,2,0,0,0,0.383,0
D00875,SG-16T,32347,30.6,0,0,0,0,0.163,0
D00876,SG-16T,20471,29.2,0,0,0,0,0.098,0
D00877,SG-16T,11685,40.3,0,0,0,0,0.233,0
D00878,SG-16T,46399,31.8,0,0,0,0,0.469,0
D00879,HX-12T,6559,30.2,0,0,0,13,0.152,0
D00880,HX-12T,19285,34.1,0,0,0,0,0.523,0
D00881,SG-16T,27946,37.2,0,0,0,0,0.1,0
D00882,HX-12T,35645,35.9,0,0,0,0,0.33,0
D00883,SG-16T,14329,38.1,0,0,0,0,0.059,0
D00884,SG-16T,23535,35.3,0,0,0,0,0.25,0
D00885,SG-16T,22307,32.4,4,0,0,0,0.529,0
D00886,SG-16T,8833,35.5,0,0,0,7,0.458,0
D00887,SG-16T,8873,39.0,0,0,0,0,0.124,0
D00888,HX-12T,4239,36.2,0,0,0,2,0.192,0
D00889,HX-12T,49162,32.7,0,0,0,0,0.3,0
D00890,HX-8T,33368,36.9,0,0,0,0,0.32,0
D00891,HX-12T,36794,33.7,0,0,0,0,0.437,0
D00892,SG-16T,48173,38.1,0,1,0,0,0.159,0
D00893,HX-8T,37787,31.8,0,0,0,0,0.314,0
D00894,HX-12T,14616,40.1,0,0,0,0,0.417,0
D00895,HX-8T,13501,31.7,0,0,0,0,0.241,0
D00896,HX-12T,42703,40.3,0,0,0,0,0.337,0
D00897,HX-8T,22480,43.6,36,17,0,0,0.456,1
D00898,SG-16T,9120,42.1,0,0,0,2,0.011,0
D00899,SG-16T,23100,38.7,0,0,0,0,0.365,0
D00900,HX-12T,30528,27.4,0,0,0,0,0.106,0
D00901,SG-16T,30062,36.8,0,0,0,0,0.264,0
D00902,HX-12T,40567,31.1,0,0,0,0,0.241,0
D00903,SG-16T,37999,36.4,0,0,0,0,0.502,0
D00904,HX-12T,2585,36.3,0,0,0,0,0.206,0
D00905,HX-8T,3686,34.2,0,0,0,0,0.458,0
D00906,SG-16T,47616,36.7,0,0,0,0,0.434,0
D00907,HX-8T,9957,41.2,0,0,0,4,0.396,0
D00908,HX-12T,27711,34.0,0,8,18,0,0.565,0
D00909,HX-8T,39747,31.7,0,0,0,0,0.289,0
D00910,SG-16T,8200,40.4,0,0,0,0,0.377,0
D00911,SG-16T,45750,36.3,0,0,0,0,0.42,0
D00912,SG-16T,3302,34.3,0,0,0,0,0.439,0
D00913,HX-8T,34915,37.3,0,0,0,0,0.222,0
D00914,HX-8T,6579,33.6,0,0,0,0,0.272,0
D00915,HX-12T,35953,34.9,0,0,0,0,0.236,0
D00916,HX-12T,37152,42.0,0,0,0,0,0.185,0
D00917,HX-8T,19000,27.3,0,0,0,0,0.195,0
D00918,SG-16T,33459,42.0,0,0,0,0,0.164,0
D00919,HX-12T,39792,36.9,0,0,0,0,0.449,0
D00920,HX-8T,18783,33.3,0,0,0,0,0.27,0
D00921,SG-16T,10827,29.8,0,0,0,0,0.057,0
D00922,HX-12T,26963,42.6,0,0,0,0,0.004,0
D00923,SG-16T,51166,41.6,0,0,0,0,0.314,0
D00924,HX-8T,47968,34.6,0,0,0,0,0.229,0
D00925,SG-16T,29622,33.6,0,0,0,0,0.287,0
D00926,HX-8T,25993,35.2,0,0,0,0,0.319,0
D00927,HX-12T,35800,39.3,60,0,0,0,0.321,1
D00928,HX-12T,3209,42.3,0,0,0,0,0.535,0
D00929,SG-16T,42503,35.7,0,0,0,0,0.454,0
D00930,HX-12T,18927,33.9,0,0,0,0,0.135,0
D00931,SG-16T,32938,33.5,0,0,0,0,0.409,0
D00932,HX-12T,21167,30.5,0,0,0,0,0.28,0
D00933,HX-8T,40531,34.1,0,0,0,0,0.397,0
D00934,SG-16T,30709,35.0,0,0,0,0,0.202,0
D00935,HX-8T,44474,41.7,0,0,0,0,0.472,0
D00936,SG-16T,43577,38.8,0,0,0,0,0.199,0
D00937,HX-12T,37099,38.3,0,0,0,0,0.128,1
D00938,SG-16T,37295,26.0,0,0,0,0,0.314,0
D00939,SG-16T,11910,32.7,0,0,0,0,0.351,0
D00940,SG-16T,4609,31.6,0,0,0,4,0.315,0
D00941,HX-8T,46896,34.3,0,0,0,0,0.141,0
D00942,HX-12T,29259,38.4,0,0,0,0,0.511,0
D00943,SG-16T,45862,35.2,0,0,0,0,0.089,0
D00944,HX-8T,48417,37.6,11,0,0,0,0.435,0
D00945,HX-12T,47109,40.5,0,0,0,0,0.396,0
D00946,HX-8T,25911,40.3,0,0,0,0,0.257,0
D00947,HX-8T,22798,34.9,0,0,0,0,0.414,0
D00948,HX-12T,3736,41.6,3,0,0,0,0.154,0
D00949,HX-8T,22535,28.6,0,0,0,11,0.517,0
D00950,HX-8T,44550,32.6,0,0,0,0,0.351,0
D00951,HX-12T,14408,36.0,0,0,0,6,0.216,0
D00952,HX-8T,20944,36.2,8,0,0,0,0.388,0
D00953,SG-16T,48560,33.0,0,0,0,0,0.487,0
D00954,HX-12T,1791,40.7,0,0,0,0,0.264,0
D00955,HX-12T,21497,34.6,0,0,0,0,0.27,0
D00956,HX-12T,50666,27.9,0,0,0,8,0.306,1
D00957,SG-16T,17523,40.0,0,0,0,0,0.324,0
D00958,HX-12T,24869,36.3,0,0,0,0,0.595,0
D00959,HX-8T,20664,34.7,0,0,0,0,0.163,0
D00960,HX-8T,16692,37.1,0,0,0,0,0.212,0
D00961,SG-16T,42972,36.1,0,0,0,0,0.349,0
D00962,HX-8T,16519,40.2,0,0,0,0,0.35,0
D00963,SG-16T,31258,33.7,27,0,0,0,0.567,0
D00964,HX-8T,2513,39.6,0,0,0,0,0.108,0
D00965,HX-12T,28035,39.9,0,0,0,0,0.142,0
D00966,HX-8T,34747,35.1,0,0,0,0,0.435,0
D00967,SG-16T,40646,35.0,0,0,0,8,0.546,0
D00968,HX-12T,28846,34.0,0,0,0,0,0.396,0
D00969,HX-8T,32141,37.7,0,0,0,0,0.258,0
D00970,SG-16T,36232,37.1,0,0,0,0,0.109,0
D00971,SG-16T,32827,38.9,0,0,0,0,0.178,0
D00972,HX-8T,26043,32.8,0,0,0,0,0.029,0
D00973,HX-12T,29002,34.1,0,0,0,0,0.253,0
D00974,HX-8T,50598,38.5,0,0,0,0,0.33,0
D00975,SG-16T,40021,35.3,1,0,0,0,0.238,0
D00976,HX-12T,34270,29.0,0,0,0,0,0.231,0
D00977,HX-12T,50410,37.0,0,0,0,4,0.393,0
D00978,SG-16T,41449,29.1,0,0,0,0,0.372,0
D00979,SG-16T,30842,36.3,0,0,0,3,0.425,0
D00980,HX-12T,3917,31.9,0,0,0,0,0.173,0
D00981,HX-12T,40431,34.9,0,0,0,0,0.524,0
D00982,HX-8T,6870,37.6,0,0,0,0,0.072,0
D00983,HX-8T,30167,32.5,0,0,0,0,0.078,0
D00984,SG-16T,42937,39.0,0,0,0,0,0.324,0
D00985,HX-12T,48864,34.2,30,0,10,0,0.586,0
D00986,SG-16T,12196,32.5,0,0,0,2,0.263,0
D00987,HX-8T,29212,30.5,0,0,0,0,0.168,0
D00988,HX-8T,26118,39.9,0,0,0,3,0.164,0
D00989,HX-8T,21156,35.1,0,0,0,0,0.225,0
D00990,SG-16T,30726,35.0,0,0,0,0,0.532,0
D00991,SG-16T,23035,35.4,0,0,0,0,0.427,0
D00992,SG-16T,20897,44.5,0,0,0,0,0.216,0
D00993,HX-12T,3537,36.2,0,0,0,0,0.397,0
D00994,SG-16T,23839,35.5,0,0,0,0,0.532,0
D00995,SG-16T,10412,29.3,0,0,0,0,0.411,0
D00996,SG-16T,31837,37.4,0,0,0,0,0.017,0
D00997,HX-12T,28473,41.1,0,0,0,0,0.203,0
D00998,SG-16T,14100,30.8,0,0,0,0,0.526,0
D00999,HX-8T,3162,35.8,0,0,0,0,0.171,0
D01000,HX-8T,24998,34.6,0,0,0,0,0.028,0
D01001,SG-16T,45550,37.8,0,0,0,9,0.238,0
D01002,SG-16T,24494,36.9,0,0,0,0,0.394,0
D01003,HX-8T,38500,30.3,0,0,0,0,0.281,0
D01004,HX-12T,36225,28.9,0,0,0,0,0.216,0
D01005,SG-16T,35569,32.7,0,0,0,6,0.359,0
D01006,HX-8T,685,39.4,0,0,0,8,0.24,0
D01007,SG-16T,27524,41.1,0,0,0,0,0.48,0
D01008,HX-8T,43183,35.6,0,0,0,0,0.326,0
D01009,HX-12T,8004,34.4,0,0,0,0,0.379,0
D01010,HX-12T,18898,41.9,0,0,0,0,0.42,0
D01011,SG-16T,43838,36.7,0,0,0,0,0.264,0
D01012,HX-8T,30086,34.2,0,0,0,0,0.368,0
D01013,SG-16T,5208,36.0,0,0,0,0,0.194,0
D01014,HX-12T,33591,38.5,0,0,0,0,0.319,0
D01015,HX-12T,9440,32.8,0,0,0,0,0.304,0
D01016,HX-8T,42718,36.9,0,0,0,0,0.53,0
D01017,HX-8T,39092,35.4,0,0,0,0,0.307,0
D01018,HX-8T,17164,39.9,0,0,0,0,0.239,0
D01019,SG-16T,6968,38.0,0,0,0,0,0.268,0
D01020,SG-16T,33914,33.9,0,0,0,0,0.374,0
D01021,HX-8T,43056,34.5,0,0,0,0,0.331,0
D01022,HX-8T,29207,34.8,0,0,0,0,0.338,0
D01023,SG-16T,43067,45.7,12,0,0,0,0.315,0
D01024,HX-12T,16879,35.9,0,0,0,0,0.353,0
D01025,HX-8T,43646,36.2,0,0,0,0,0.229,0
D01026,HX-8T,4745,36.2,0,0,0,0,0.392,0
D01027,HX-8T,50311,37.8,0,0,0,0,0.249,0
D01028,SG-16T,10007,35.2,0,0,0,0,0.221,0
D01029,HX-8T,10220,41.5,0,0,0,0,0.25,0
D01030,HX-8T,12471,38.0,0,0,0,0,0.413,0
D01031,SG-16T,27959,33.8,0,0,0,0,0.146,0
D01032,SG-16T,26574,35.6,0,0,0,0,0.257,0
D01033,HX-8T,36791,35.6,0,0,0,0,0.331,0
D01034,HX-12T,28011,43.9,0,0,0,0,0.363,0
D01035,SG-16T,39426,45.2,0,0,0,0,0.461,0
D01036,SG-16T,38290,29.6,0,0,0,0,0.187,0
D01037,SG-16T,16741,40.3,0,0,0,1,0.511,0
D01038,SG-16T,1779,38.7,0,0,0,0,0.503,0
D01039,SG-16T,28377,47.6,0,0,0,0,0.315,0
D01040,HX-8T,39545,34.8,0,1,0,0,0.166,0
D01041,SG-16T,48737,37.4,0,0,0,0,0.266,0
D01042,HX-8T,13389,40.4,0,0,0,0,0.249,0
D01043,HX-12T,39938,41.6,0,0,0,0,0.115,0
D01044,SG-16T,20093,34.5,0,0,0,0,0.468,0
D01045,SG-16T,16921,39.6,0,0,0,0,0.159,0
D01046,HX-8T,14175,30.5,0,0,0,0,0.309,0
D01047,SG-16T,47124,32.5,0,0,0,0,0.313,0
D01048,SG-16T,32378,34.2,55,15,0,0,0.403,0
D01049,SG-16T,38938,42.3,0,0,0,0,0.483,0
D01050,HX-8T,3683,38.9,0,0,0,0,0.551,0
D01051,HX-8T,38317,33.7,0,0,0,0,0.261,0
D01052,SG-16T,3741,34.2,0,0,0,0,0.396,1
D01053,HX-8T,13289,33.2,0,0,0,10,0.316,0
D01054,HX-12T,17493,39.9,8,0,0,7,0.268,0
D01055,HX-12T,21262,39.9,0,0,0,0,0.61,0
D01056,HX-8T,15700,38.1,0,0,0,0,0.286,0
D01057,HX-8T,28689,37.0,0,0,0,0,0.367,0
D01058,HX-12T,4004,36.9,7,12,0,0,0.364,0
D01059,HX-12T,43218,31.4,0,0,0,2,0.302,0
D01060,HX-8T,20660,33.2,0,0,0,0,0.143,0
D01061,SG-16T,39797,35.0,0,0,0,0,0.275,0
D01062,HX-12T,42853,41.4,0,0,0,0,0.207,0
D01063,HX-8T,50967,37.8,2,0,0,0,0.209,0
D01064,HX-12T,3549,36.8,0,0,0,1,0.426,0
D01065,HX-12T,16949,33.7,0,0,0,0,0.346,0
D01066,HX-8T,14375,37.6,0,0,0,0,0.22,0
D01067,HX-12T,3795,40.8,0,0,0,0,0.147,0
D01068,SG-16T,12778,39.0,0,0,0,0,0.339,0
D01069,HX-12T,45210,34.6,0,0,0,0,0.48,0
D01070,SG-16T,36899,37.0,0,0,0,1,0.132,0
D01071,HX-12T,40965,36.8,0,0,0,0,0.232,0
D01072,HX-8T,2271,31.4,2,0,0,0,0.43,0
D01073,HX-8T,1911,37.4,0,0,0,2,0.203,0
D01074,SG-16T,50595,42.7,0,0,0,0,0.357,0
D01075,HX-12T,39711,36.6,0,0,0,1,0.158,0
D01076,HX-12T,8121,33.4,0,0,0,0,0.362,0
D01077,SG-16T,38390,37.3,0,0,0,6,0.396,0
D01078,HX-8T,29711,33.3,0,0,0,0,0.165,0
D01079,SG-16T,24703,34.0,0,0,0,0,0.548,0
D01080,HX-12T,6210,36.6,0,0,0,0,0.571,0
D01081,SG-16T,23974,37.7,0,0,0,0,0.459,0
D01082,HX-12T,50948,37.0,0,0,0,0,0.383,0
D01083,HX-12T,16681,32.8,0,0,0,0,0.689,0
D01084,SG-16T,4076,37.1,0,0,0,0,0.6,0
D01085,HX-8T,22153,34.9,0,0,0,0,0.268,0
D01086,HX-8T,49676,32.8,0,0,0,0,0.407,0
D01087,HX-12T,40535,35.0,0,0,0,0,0.388,0
D01088,HX-8T,9889,40.9,0,0,0,0,0.658,0
D01089,HX-8T,32128,42.1,0,0,0,7,0.628,0
D01090,HX-8T,16755,29.8,0,0,0,0,0.255,0
D01091,HX-12T,51998,33.7,0,1,0,0,0.438,0
D01092,SG-16T,18484,43.5,2,0,0,0,0.329,0
D01093,HX-12T,35042,31.9,0,0,0,0,0.393,0
D01094,HX-8T,46540,35.9,0,0,0,0,0.673,0
D01095,SG-16T,46395,34.9,0,0,0,0,0.31,0
D01096,HX-12T,11520,39.3,8,0,0,0,0.19,0
D01097,HX-8T,34619,33.6,0,0,0,1,0.408,0
D01098,HX-8T,51249,38.2,0,0,0,0,0.131,0
D01099,HX-12T,30341,35.2,0,0,0,0,0.357,0
D01100,SG-16T,50328,38.3,133,0,1,0,0.421,0
D01101,HX-12T,17138,33.3,0,0,0,0,0.539,0
D01102,HX-12T,10222,38.7,0,0,0,0,0.586,0
D01103,SG-16T,996,31.0,0,0,0,0,0.373,0
D01104,HX-8T,38096,33.2,30,0,0,0,0.598,0
D01105,HX-12T,34963,31.3,0,0,0,9,0.377,0
D01106,SG-16T,10938,34.9,0,0,0,0,0.403,0
D01107,SG-16T,43398,41.0,0,0,0,0,0.366,0
D01108,HX-8T,35244,40.3,0,0,0,0,0.454,0
D01109,HX-8T,14072,30.3,0,0,0,8,0.083,0
D01110,HX-12T,39896,34.5,0,0,0,0,0.363,0
D01111,HX-8T,42677,36.4,0,0,0,0,0.336,0
D01112,HX-12T,31548,30.6,0,0,0,0,0.349,0
D01113,HX-8T,48151,36.2,0,0,0,0,0.308,0
D01114,HX-12T,3796,39.6,0,0,0,0,0.149,0
D01115,HX-8T,32985,32.1,0,0,0,0,0.111,0
D01116,SG-16T,644,31.0,0,0,0,0,0.148,0
D01117,HX-12T,2473,38.8,0,0,0,0,0.108,0
D01118,HX-12T,17418,42.1,0,0,0,0,0.127,0
D01119,HX-12T,7743,37.7,0,0,0,0,0.154,0
D01120,HX-8T,18636,35.2,0,0,0,1,0.0,0
D01121,HX-8T,21031,35.3,0,0,0,0,0.405,0
D01122,SG-16T,43660,35.0,0,0,0,1,0.343,1
D01123,HX-8T,49043,28.4,0,0,0,0,0.32,0
D01124,HX-8T,8909,34.8,0,0,0,0,0.344,0
D01125,HX-8T,13186,34.5,0,0,0,0,0.293,0
D01126,HX-8T,18066,37.2,0,0,0,0,0.328,0
D01127,SG-16T,1759,31.1,0,0,0,0,0.408,0
D01128,HX-8T,4689,46.2,0,0,0,0,0.463,0
D01129,HX-12T,33647,32.1,0,0,0,0,0.347,0
D01130,HX-8T,15785,41.9,0,0,0,0,0.15,0
D01131,SG-16T,15195,33.0,0,0,0,0,0.161,0
D01132,HX-12T,6501,38.4,0,0,0,0,0.244,0
D01133,SG-16T,20997,32.0,0,0,0,0,0.322,0
D01134,SG-16T,6848,39.2,0,0,0,0,0.25,0
D01135,HX-8T,6034,37.2,0,0,0,0,0.109,0
D01136,HX-8T,26290,44.1,0,0,0,0,0.322,0
D01137,HX-12T,4415,35.8,0,0,0,0,0.491,0
D01138,SG-16T,5043,30.3,0,0,0,0,0.216,0
D01139,HX-8T,1444,35.9,0,0,0,0,0.301,0
D01140,SG-16T,15869,36.2,0,0,0,0,0.374,0
D01141,HX-8T,26439,37.7,0,0,0,0,0.125,0
D01142,SG-16T,20317,28.3,0,0,0,1,0.181,0
D01143,SG-16T,48607,32.9,0,0,0,0,0.071,0
D01144,HX-8T,41293,35.5,0,0,0,0,0.388,0
D01145,HX-8T,16974,32.1,0,0,0,0,0.564,0
D01146,HX-12T,3720,36.4,0,0,0,0,0.41,0
D01147,SG-16T,29161,37.7,0,0,0,0,0.244,0
D01148,SG-16T,24967,39.2,0,0,0,0,0.435,0
D01149,HX-8T,13988,36.2,0,0,0,0,0.186,0
D01150,SG-16T,17677,39.9,0,0,0,0,0.387,0
D01151,HX-12T,39980,35.4,0,0,0,4,0.384,0
D01152,HX-8T,24758,41.9,0,0,0,0,0.385,0
D01153,HX-12T,29512,33.9,0,0,0,0,0.449,0
D01154,HX-8T,35138,36.4,0,0,0,0,0.265,0
D01155,HX-8T,24802,36.2,0,0,0,0,0.612,0
D01156,HX-8T,28267,37.3,0,0,0,0,0.098,0
D01157,SG-16T,46484,40.9,2,0,0,0,0.259,0
D01158,HX-12T,46253,32.5,0,0,0,0,0.362,0
D01159,HX-8T,38716,31.8,1,0,0,0,0.459,0
D01160,HX-12T,32949,32.7,0,0,0,0,0.483,0
D01161,HX-8T,27750,33.7,0,0,0,0,0.18,0
D01162,HX-12T,19859,34.5,0,0,0,0,0.294,0
D01163,HX-12T,30236,36.8,0,0,0,0,0.16,0
D01164,HX-12T,10154,37.2,0,0,0,3,0.271,0
D01165,SG-16T,38438,44.0,0,0,0,0,0.4,0
D01166,SG-16T,48235,33.1,1,0,0,0,0.183,0
D01167,SG-16T,24715,43.5,0,0,0,0,0.103,0
D01168,HX-8T,33803,38.4,0,4,6,0,0.35,0
D01169,SG-16T,48083,35.1,0,0,0,1,0.401,0
D01170,HX-8T,37651,39.7,0,0,0,0,0.431,0
D01171,HX-12T,43469,27.7,0,0,0,0,0.506,0
D01172,SG-16T,1129,40.2,0,0,0,0,0.391,0
D01173,HX-8T,23929,35.9,0,0,0,0,0.218,0
D01174,HX-12T,15970,35.5,0,0,0,0,0.187,0
D01175,HX-12T,21614,39.6,3,0,0,0,0.144,0
D01176,HX-8T,50401,34.4,0,0,0,0,0.57,0
D01177,HX-12T,26448,33.1,0,0,0,11,0.328,0
D01178,HX-12T,23992,34.9,0,0,0,0,0.0,0
D01179,SG-16T,51075,33.9,0,0,0,0,0.287,0
D01180,HX-12T,46878,38.6,0,0,0,0,0.188,0
D01181,HX-12T,6040,31.7,0,0,0,0,0.331,0
D01182,HX-12T,50361,37.4,0,0,0,0,0.481,0
D01183,HX-12T,25422,39.8,0,0,0,0,0.272,0
D01184,HX-8T,28032,33.4,0,0,0,0,0.163,0
D01185,SG-16T,6293,38.3,0,0,0,0,0.319,0
D01186,SG-16T,30909,40.4,0,0,0,7,0.495,0
D01187,SG-16T,7860,28.7,0,0,0,0,0.318,0
D01188,HX-12T,29338,38.6,0,0,0,0,0.297,0
D01189,HX-8T,41624,38.2,0,0,0,0,0.305,0
D01190,HX-12T,42475,34.2,0,0,0,0,0.288,0
D01191,HX-12T,8355,34.3,0,0,0,0,0.158,0
D01192,HX-8T,45275,39.5,0,0,0,0,0.216,0
D01193,SG-16T,10904,37.2,3,0,0,9,0.133,0
D01194,HX-8T,36632,40.6,0,0,0,0,0.19,0
D01195,HX-8T,40337,36.3,93,0,11,4,0.583,0
D01196,HX-8T,30868,35.7,0,0,0,4,0.372,0
D01197,HX-8T,42271,35.4,0,0,0,0,0.331,0
D01198,SG-16T,25612,38.4,0,0,0,0,0.166,0
D01199,HX-8T,14544,38.8,0,1,0,0,0.311,0
D01200,HX-12T,938,32.3,0,0,0,5,0.401,0
D01201,HX-8T,10207,38.9,0,0,0,0,0.456,0
D01202,SG-16T,19524,35.6,0,0,0,0,0.103,0
D01203,HX-8T,1337,45.2,0,0,0,0,0.048,0
D01204,SG-16T,19496,35.2,0,0,0,0,0.302,0
D01205,HX-12T,37776,34.4,0,0,0,0,0.07,0
D01206,HX-8T,23222,35.5,0,0,0,0,0.273,0
D01207,HX-8T,35299,30.8,0,0,0,0,0.243,0
D01208,SG-16T,2483,34.7,0,0,0,0,0.421,0
D01209,SG-16T,18260,39.5,5,1,0,0,0.457,0
D01210,HX-12T,4879,30.1,0,0,0,0,0.365,0
D01211,SG-16T,16221,36.6,3,0,0,0,0.469,0
D01212,HX-12T,33779,32.7,0,0,0,0,0.208,0
D01213,SG-16T,44960,42.9,0,0,0,0,0.0,0
D01214,SG-16T,4840,27.6,0,0,0,0,0.134,0
D01215,HX-8T,6782,30.7,0,0,0,0,0.187,0
D01216,HX-12T,45909,37.2,14,0,0,0,0.587,0
D01217,HX-8T,41252,33.9,0,0,0,0,0.0,0
D01218,HX-12T,13197,39.6,0,0,0,0,0.222,0
D01219,HX-12T,9574,45.0,0,0,0,5,0.462,0
D01220,HX-8T,48071,34.3,0,0,0,0,0.492,0
D01221,HX-12T,43265,42.6,0,0,0,0,0.5,0
D01222,SG-16T,11643,34.7,0,0,0,0,0.468,0
D01223,HX-12T,47419,36.5,0,0,0,0,0.361,0
D01224,HX-8T,46033,36.7,0,0,0,0,0.374,0
D01225,HX-12T,34794,37.8,0,0,0,0,0.0,0
D01226,SG-16T,9210,34.6,0,0,0,0,0.268,0
D01227,HX-12T,45896,34.0,0,0,0,0,0.311,0
D01228,SG-16T,6482,42.6,0,0,0,0,0.376,0
D01229,HX-12T,25948,31.0,0,0,0,0,0.309,0
D01230,HX-8T,20712,41.5,0,0,0,0,0.307,0
D01231,HX-12T,31976,35.0,0,0,0,0,0.02,0
D01232,SG-16T,6960,35.2,0,0,0,0,0.293,0
D01233,SG-16T,1353,39.0,0,0,0,0,0.181,1
D01234,HX-12T,1003,45.6,0,0,0,0,0.218,0
D01235,HX-8T,14684,35.6,0,0,0,0,0.449,0
D01236,HX-12T,3485,38.8,0,0,0,0,0.304,0
D01237,SG-16T,4653,38.4,0,0,0,0,0.102,0
D01238,HX-8T,33003,39.8,0,0,0,2,0.127,0
D01239,HX-12T,34513,37.8,0,0,0,0,0.121,0
D01240,HX-8T,31319,27.1,0,0,0,0,0.187,0
D01241,HX-12T,7185,37.6,8,0,0,0,0.149,0
D01242,SG-16T,6707,30.5,0,0,0,13,0.343,0
D01243,HX-8T,39245,38.4,0,0,0,7,0.238,0
D01244,HX-8T,28474,38.2,0,0,0,0,0.548,0
D01245,HX-12T,23710,32.5,0,0,0,0,0.24,0
D01246,SG-16T,24033,35.3,0,0,0,0,0.306,0
D01247,SG-16T,22419,30.2,0,0,0,0,0.655,0
D01248,HX-12T,47725,39.0,0,0,0,0,0.167,0
D01249,SG-16T,16130,37.8,0,1,0,0,0.626,0
D01250,SG-16T,23456,29.1,2,0,0,3,0.221,0
D01251,HX-12T,40652,36.3,0,0,0,0,0.314,1
D01252,HX-8T,25571,43.2,0,0,0,0,0.449,0
D01253,HX-12T,2557,37.7,0,0,0,0,0.252,0
D01254,HX-8T,40290,38.0,10,0,0,0,0.341,0
D01255,HX-8T,41988,34.8,0,0,0,0,0.368,0
D01256,HX-12T,31053,35.4,0,0,0,0,0.38,0
D01257,SG-16T,24128,40.1,0,0,0,0,0.24,0
D01258,HX-12T,12913,35.4,0,0,0,4,0.344,0
D01259,HX-8T,38659,40.4,0,0,0,0,0.42,0
D01260,HX-12T,11100,40.7,0,0,0,0,0.433,0
D01261,HX-12T,37660,32.2,0,0,0,0,0.377,0
D01262,SG-16T,28862,37.9,0,0,0,0,0.664,0
D01263,HX-8T,35270,36.0,0,0,0,10,0.405,0
D01264,HX-12T,19048,37.6,0,0,0,0,0.426,0
D01265,HX-8T,48886,29.7,0,1,0,0,0.251,0
D01266,HX-12T,20314,36.5,0,0,0,0,0.34,0
D01267,HX-12T,24362,30.6,0,0,0,0,0.462,0
D01268,HX-12T,30218,28.6,0,0,0,0,0.331,0
D01269,SG-16T,33691,38.4,0,0,0,0,0.578,0
D01270,HX-8T,15261,39.1,0,0,0,0,0.43,0
D01271,HX-12T,15553,33.5,0,0,0,0,0.141,0
D01272,SG-16T,51829,27.7,0,0,0,0,0.313,0
D01273,HX-8T,9508,33.2,0,0,0,0,0.251,0
D01274,HX-8T,18292,33.0,0,0,0,0,0.053,0
D01275,SG-16T,4924,28.7,0,21,0,0,0.334,0
D01276,HX-12T,42870,37.8,0,0,0,0,0.171,0
D01277,HX-12T,43491,44.5,0,0,0,0,0.174,1
D01278,SG-16T,51966,32.6,0,0,0,0,0.243,0
D01279,HX-8T,48715,29.2,0,0,0,0,0.295,0
D01280,HX-12T,6510,41.7,0,0,0,7,0.253,0
D01281,HX-12T,3534,31.7,0,0,0,0,0.11,0
D01282,HX-8T,43685,41.8,0,0,0,0,0.396,0
D01283,SG-16T,48844,32.9,0,0,0,0,0.366,0
D01284,HX-12T,629,33.8,0,0,0,0,0.378,0
D01285,HX-8T,24765,40.6,0,0,0,0,0.0,0
D01286,HX-12T,26353,30.9,0,0,0,0,0.332,0
D01287,HX-12T,29978,39.3,4,0,0,0,0.391,0
D01288,HX-12T,8686,33.8,0,0,0,0,0.286,0
D01289,HX-8T,36087,33.0,0,0,0,0,0.302,0
D01290,HX-8T,3046,25.8,0,0,0,0,0.437,0
D01291,SG-16T,40334,33.5,3,0,0,0,0.289,0
D01292,HX-8T,18758,42.1,0,0,0,0,0.24,0
D01293,HX-12T,21687,33.7,0,0,0,0,0.279,0
D01294,HX-12T,30700,36.0,0,0,0,0,0.68,0
D01295,HX-12T,17731,32.0,0,0,0,0,0.278,0
D01296,HX-8T,45018,35.9,0,0,0,0,0.29,0
D01297,HX-8T,11656,31.8,0,0,0,0,0.319,0
D01298,HX-8T,23795,34.7,0,0,0,0,0.24,0
D01299,SG-16T,34670,42.8,15,11,0,0,0.489,1
D01300,HX-8T,35489,33.8,0,0,0,0,0.595,0
D01301,HX-12T,35168,41.7,0,0,0,0,0.104,0
D01302,HX-8T,15985,31.0,0,0,0,0,0.144,0
D01303,HX-12T,14151,32.2,0,0,0,0,0.373,0
D01304,HX-8T,28546,43.4,0,0,0,0,0.307,0
D01305,HX-8T,11480,39.1,0,0,0,0,0.11,0
D01306,SG-16T,41514,29.5,0,0,0,0,0.208,0
D01307,HX-12T,908,31.7,0,0,0,0,0.082,0
D01308,SG-16T,24369,34.6,0,0,0,11,0.447,0
D01309,SG-16T,12564,33.5,16,0,0,0,0.617,0
D01310,HX-8T,20665,42.4,39,10,3,0,0.585,1
D01311,HX-8T,17747,37.4,0,0,0,0,0.345,0
D01312,HX-8T,13347,42.1,0,0,0,0,0.303,0
D01313,HX-8T,23192,37.6,0,0,0,0,0.406,0
D01314,HX-8T,9796,34.3,0,0,0,0,0.362,0
D01315,HX-12T,12844,40.1,0,0,0,2,0.116,0
D01316,SG-16T,49454,33.7,0,0,0,0,0.324,0
D01317,HX-8T,18518,39.2,0,0,0,0,0.291,0
D01318,HX-8T,46055,34.0,0,0,0,0,0.0,0
D01319,SG-16T,44759,32.6,0,0,0,0,0.348,0
D01320,SG-16T,40923,36.4,0,0,0,0,0.196,0
D01321,HX-12T,29837,36.3,0,0,0,0,0.477,0
D01322,SG-16T,9078,41.4,0,0,0,0,0.524,0
D01323,HX-12T,31868,35.1,0,0,0,0,0.256,0
D01324,SG-16T,14285,34.3,0,0,0,0,0.245,0
D01325,SG-16T,43504,37.3,0,0,0,0,0.404,0
D01326,HX-12T,37675,43.6,0,0,0,0,0.255,0
D01327,HX-8T,15645,33.8,22,0,3,0,0.602,0
D01328,HX-12T,21887,33.6,0,0,0,0,0.132,0
D01329,HX-8T,20088,34.1,0,0,0,0,0.226,0
D01330,SG-16T,29109,35.6,0,0,0,0,0.588,0
D01331,HX-8T,5958,33.6,0,0,0,0,0.411,0
D01332,HX-8T,34113,29.2,0,0,0,0,0.346,0
D01333,HX-12T,8918,33.1,0,0,0,0,0.339,0
D01334,HX-8T,4414,34.0,0,0,0,1,0.398,0
D01335,HX-8T,28900,31.5,0,0,0,0,0.531,0
D01336,SG-16T,44876,31.1,0,0,0,0,0.36,0
D01337,HX-8T,3309,35.5,0,0,0,0,0.167,0
D01338,SG-16T,37804,27.1,0,0,0,0,0.323,0
D01339,HX-12T,8140,33.9,0,0,0,0,0.309,0
D01340,SG-16T,49616,39.4,0,0,0,0,0.413,0
D01341,SG-16T,26660,30.7,6,0,0,0,0.634,0
D01342,HX-12T,33659,37.4,0,0,0,0,0.245,0
D01343,HX-12T,8979,28.7,1,0,0,0,0.303,0
D01344,HX-12T,41291,35.2,0,0,0,0,0.422,0
D01345,HX-8T,31084,34.9,0,0,0,0,0.277,0
D01346,HX-8T,11949,33.0,0,0,0,0,0.094,0
D01347,HX-8T,51417,40.8,14,0,6,0,0.789,1
D01348,SG-16T,27685,32.1,0,0,0,0,0.225,0
D01349,HX-12T,35561,37.2,0,0,0,0,0.275,0
D01350,HX-12T,12222,39.3,0,0,0,0,0.297,0
D01351,SG-16T,13497,37.1,0,0,0,0,0.134,0
D01352,HX-8T,9894,36.4,0,0,0,0,0.262,0
D01353,SG-16T,33029,31.2,0,0,0,0,0.34,0
D01354,HX-12T,44069,36.3,0,0,0,0,0.172,0
D01355,HX-12T,46737,35.9,0,0,0,1,0.5,0
D01356,SG-16T,1306,36.3,0,0,0,0,0.367,0
D01357,HX-8T,44649,32.5,0,0,0,0,0.241,0
D01358,SG-16T,20793,38.1,0,0,0,0,0.22,0
D01359,HX-8T,29760,41.1,0,1,0,0,0.315,1
D01360,HX-8T,48001,31.3,0,0,0,0,0.296,0
D01361,HX-8T,13552,32.4,0,0,0,0,0.009,0
D01362,HX-12T,5473,29.0,0,0,0,0,0.333,0
D01363,HX-12T,13889,37.0,0,0,0,0,0.408,0
D01364,HX-8T,26178,41.0,0,0,0,0,0.125,0
D01365,SG-16T,11302,35.6,0,0,0,0,0.221,0
D01366,SG-16T,30627,41.3,0,0,0,3,0.386,1
D01367,HX-12T,16889,41.7,0,0,0,2,0.604,0
D01368,HX-12T,23608,34.6,0,0,0,0,0.0,0
D01369,HX-8T,20086,39.1,0,0,0,0,0.304,0
D01370,SG-16T,27557,41.0,5,0,0,1,0.328,0
D01371,SG-16T,5128,33.1,0,0,0,7,0.112,0
D01372,HX-12T,27881,31.6,0,0,0,0,0.315,0
D01373,SG-16T,29640,38.1,0,0,0,0,0.417,0
D01374,HX-12T,29723,38.0,0,1,0,0,0.194,0
D01375,HX-8T,16998,37.9,0,0,0,0,0.166,0
D01376,HX-8T,16896,39.6,0,0,0,0,0.131,0
D01377,HX-8T,50127,33.8,3,0,0,0,0.32,0
D01378,SG-16T,32984,35.3,0,0,0,0,0.404,0
D01379,SG-16T,17741,32.4,0,0,0,0,0.096,0
D01380,HX-8T,17298,38.3,0,0,0,0,0.416,0
D01381,SG-16T,35162,36.0,0,0,0,0,0.353,0
D01382,HX-12T,16731,31.8,2,0,2,0,0.399,0
D01383,HX-8T,28535,26.9,0,0,0,0,0.231,0
D01384,SG-16T,8547,41.7,0,0,0,0,0.099,0
D01385,HX-12T,34993,37.2,0,0,0,0,0.183,1
D01386,SG-16T,28705,42.9,0,0,0,0,0.208,0
D01387,SG-16T,3357,36.2,0,0,0,0,0.221,0
D01388,SG-16T,24211,41.2,0,0,0,0,0.222,0
D01389,SG-16T,4763,35.7,0,0,0,0,0.337,0
D01390,SG-16T,27259,38.4,0,0,0,0,0.226,0
D01391,HX-12T,38995,37.9,11,15,4,0,0.684,0
D01392,SG-16T,40148,40.9,0,0,0,0,0.146,0
D01393,HX-8T,11981,39.6,38,10,0,2,0.47,1
D01394,SG-16T,37961,32.5,0,0,0,9,0.0,0
D01395,SG-16T,48125,34.0,0,0,0,0,0.252,0
D01396,HX-8T,46401,37.9,0,0,0,0,0.099,0
D01397,SG-16T,27227,37.7,0,0,0,0,0.374,0
D01398,HX-8T,26330,30.5,0,0,0,0,0.331,0
D01399,HX-12T,6924,31.3,0,1,0,0,0.034,0
D01400,SG-16T,14791,39.8,0,0,0,0,0.538,0
D01401,HX-8T,23253,41.5,0,0,0,0,0.036,0
D01402,HX-8T,24048,34.6,0,0,0,0,0.272,0
D01403,HX-8T,7260,40.4,0,0,0,0,0.133,0
D01404,SG-16T,21850,36.1,10,0,0,8,0.097,0
D01405,SG-16T,25684,35.7,0,0,0,0,0.299,0
D01406,SG-16T,48835,41.3,0,0,0,3,0.259,0
D01407,SG-16T,37622,41.5,0,0,0,0,0.276,0
D01408,HX-12T,10609,33.5,0,0,0,0,0.243,0
D01409,SG-16T,37600,40.9,0,0,0,3,0.225,0
D01410,HX-12T,21464,39.6,0,0,0,0,0.191,0
D01411,HX-8T,22655,38.4,0,0,0,0,0.228,0
D01412,HX-12T,51494,33.5,0,0,0,0,0.389,0
D01413,SG-16T,33704,37.6,0,0,0,0,0.285,0
D01414,HX-12T,22506,31.6,0,0,0,0,0.249,0
D01415,SG-16T,24358,34.7,0,0,0,0,0.457,0
D01416,SG-16T,13106,32.3,0,0,0,0,0.318,0
D01417,SG-16T,15061,32.4,0,0,0,0,0.652,0
D01418,SG-16T,26986,38.4,0,0,0,0,0.314,0
D01419,HX-8T,51708,38.2,0,0,0,0,0.334,1
D01420,HX-12T,32488,30.4,0,0,0,0,0.383,0
D01421,HX-8T,18167,35.6,0,0,0,0,0.169,0
D01422,HX-8T,37129,33.1,0,0,0,0,0.324,0
D01423,SG-16T,11396,31.9,0,0,0,0,0.601,0
D01424,HX-12T,35154,31.5,0,0,0,0,0.222,0
D01425,HX-8T,44083,36.2,4,0,0,0,0.268,0
D01426,HX-12T,1676,39.0,0,0,0,0,0.421,0
D01427,HX-8T,5163,32.8,0,0,0,0,0.374,0
D01428,SG-16T,3721,37.8,0,0,0,0,0.143,0
D01429,SG-16T,43211,38.3,0,0,0,0,0.149,0
D01430,SG-16T,42256,33.2,0,0,0,0,0.453,0
D01431,HX-12T,15674,39.4,0,0,0,0,0.115,0
D01432,HX-8T,37393,37.9,0,0,0,0,0.211,0
D01433,HX-8T,51299,33.9,0,0,0,0,0.533,0
D01434,HX-12T,42391,41.5,0,0,0,0,0.238,0
D01435,SG-16T,11433,27.7,4,0,0,0,0.43,0
D01436,HX-12T,8424,35.3,0,0,0,0,0.357,0
D01437,SG-16T,20283,33.4,0,0,0,0,0.125,0
D01438,HX-12T,7480,37.9,0,1,0,0,0.689,0
D01439,SG-16T,47894,36.2,0,0,0,0,0.402,0
D01440,SG-16T,32091,39.0,0,0,0,5,0.041,0
D01441,SG-16T,4933,35.2,0,0,0,0,0.159,0
D01442,SG-16T,42758,40.4,0,0,0,6,0.368,0
D01443,HX-8T,50699,42.1,0,0,0,0,0.514,0
D01444,SG-16T,7730,36.2,0,0,0,0,0.0,0
D01445,SG-16T,41759,36.1,3,0,0,0,0.294,1
D01446,SG-16T,4742,40.7,0,0,0,0,0.345,0
D01447,HX-12T,18649,38.5,0,0,0,0,0.081,0
D01448,HX-8T,27072,29.6,0,0,0,0,0.332,0
D01449,HX-8T,36605,32.9,0,0,0,0,0.378,0
D01450,SG-16T,20984,37.2,72,1,0,0,0.828,0
D01451,HX-8T,19881,37.4,0,0,0,0,0.322,0
D01452,SG-16T,27674,42.6,0,0,0,0,0.218,0
D01453,SG-16T,31080,46.7,0,0,0,0,0.251,0
D01454,HX-8T,23366,31.8,0,0,0,0,0.54,0
D01455,HX-12T,37780,40.1,0,0,0,0,0.095,0
D01456,HX-8T,16257,39.8,80,0,0,0,0.45,1
D01457,HX-8T,38266,34.7,0,0,0,0,0.597,0
D01458,HX-8T,45103,37.4,0,0,0,0,0.474,0
D01459,HX-12T,14371,36.5,0,0,0,0,0.334,0
D01460,HX-8T,22947,29.9,4,0,0,0,0.296,0
D01461,HX-8T,26907,38.8,0,0,0,0,0.057,0
D01462,HX-12T,36069,38.7,0,0,0,0,0.286,0
D01463,HX-12T,12225,34.3,0,0,0,7,0.422,0
D01464,SG-16T,29013,38.5,0,0,0,0,0.263,0
D01465,SG-16T,47527,35.6,0,0,0,0,0.34,0
D01466,HX-12T,48056,35.2,0,0,0,0,0.484,0
D01467,HX-8T,42040,36.8,0,0,0,0,0.138,0
D01468,SG-16T,2550,38.8,0,0,0,0,0.421,0
D01469,HX-12T,1294,25.9,26,5,0,0,0.61,1
D01470,HX-12T,31899,33.2,0,0,0,0,0.19,0
D01471,HX-8T,6635,33.7,102,0,0,0,0.651,0
D01472,HX-12T,46457,36.7,6,3,5,0,0.533,1
D01473,HX-12T,16229,37.4,0,0,0,0,0.808,0
D01474,SG-16T,36161,40.9,0,0,0,0,0.685,0
D01475,HX-8T,2168,32.4,0,0,0,0,0.22,0
D01476,SG-16T,20168,35.2,0,0,0,0,0.274,0
D01477,HX-8T,25228,36.5,0,0,0,2,0.324,0
D01478,HX-8T,49923,42.1,0,0,0,0,0.397,0
D01479,SG-16T,545,32.4,0,0,0,0,0.532,0
D01480,HX-8T,1230,32.1,0,0,0,0,0.353,0
D01481,SG-16T,7243,31.8,0,0,0,0,0.407,0
D01482,SG-16T,28601,32.2,0,0,0,0,0.154,0
D01483,HX-12T,18017,42.5,0,0,0,0,0.319,0
D01484,HX-8T,49654,39.0,7,4,0,0,0.534,1
D01485,HX-12T,29073,43.3,0,0,0,0,0.0,0
D01486,HX-8T,29087,38.7,0,0,0,0,0.291,0
D01487,HX-12T,12863,37.5,7,0,0,0,0.343,0
D01488,SG-16T,43092,33.2,1,0,0,0,0.0,0
D01489,HX-8T,39692,41.7,0,0,0,9,0.248,0
D01490,HX-8T,40070,37.4,0,0,0,0,0.142,0
D01491,HX-12T,43272,40.7,0,0,0,0,0.624,0
D01492,HX-12T,44841,33.9,0,0,0,0,0.377,0
D01493,HX-8T,34352,30.3,0,0,0,0,0.552,0
D01494,HX-8T,1647,33.8,0,1,0,0,0.227,0
D01495,HX-8T,27362,37.7,0,0,0,0,0.379,0
D01496,HX-8T,20342,35.8,0,0,0,0,0.201,0
D01497,HX-12T,43721,39.8,0,0,0,0,0.406,0
D01498,HX-8T,32368,32.6,3,0,2,0,0.422,0
D01499,HX-12T,45562,37.2,0,0,0,0,0.255,0
D01500,SG-16T,3306,45.4,0,0,0,0,0.342,0
D01501,HX-8T,25714,44.0,0,0,0,0,0.365,0
D01502,HX-8T,23938,39.5,0,0,0,15,0.249,0
D01503,SG-16T,23254,41.3,0,0,0,0,0.2,0
D01504,SG-16T,4306,35.9,0,0,0,0,0.258,0
D01505,HX-8T,25531,38.0,0,0,0,0,0.004,0
D01506,HX-12T,50195,36.0,4,0,2,0,0.424,0
D01507,HX-12T,11456,34.1,0,0,0,0,0.248,0
D01508,SG-16T,9301,37.1,1,0,0,0,0.205,0
D01509,SG-16T,28888,32.0,0,0,0,0,0.054,0
D01510,HX-12T,7540,44.0,0,0,0,0,0.417,0
D01511,SG-16T,28183,36.1,0,0,0,0,0.531,0
D01512,HX-8T,26340,37.1,0,2,0,0,0.461,0
D01513,HX-8T,42960,38.6,0,0,0,0,0.048,0
D01514,HX-12T,33189,34.2,0,0,0,0,0.335,0
D01515,HX-8T,4174,40.9,0,0,0,0,0.095,0
D01516,HX-8T,50231,34.7,0,0,0,0,0.342,0
D01517,SG-16T,51544,44.7,0,0,0,0,0.345,0
D01518,HX-8T,24028,38.5,2,0,0,0,0.307,0
D01519,HX-12T,10850,43.7,8,3,0,0,0.398,1
D01520,HX-12T,4148,35.7,0,0,0,0,0.429,0
D01521,HX-8T,7513,36.2,0,0,0,0,0.308,0
D01522,HX-12T,46488,46.0,0,0,0,0,0.222,0
D01523,SG-16T,42269,32.1,0,0,0,0,0.314,0
D01524,HX-12T,40621,37.1,0,0,0,0,0.275,0
D01525,SG-16T,49576,35.4,0,0,0,0,0.23,0
D01526,HX-8T,2691,32.4,2,0,0,0,0.497,0
D01527,HX-8T,24846,39.9,0,0,0,0,0.376,0
D01528,SG-16T,48464,39.7,0,0,0,0,0.332,0
D01529,HX-8T,900,36.7,0,0,0,0,0.078,0
D01530,HX-8T,48577,37.2,3,0,0,0,0.42,0
D01531,SG-16T,24179,33.2,0,0,0,0,0.276,0
D01532,HX-12T,47772,35.4,0,0,0,0,0.269,0
D01533,HX-12T,7437,38.5,0,0,0,0,0.171,0
D01534,HX-12T,2484,36.8,0,0,0,0,0.245,0
D01535,HX-12T,41006,37.8,8,0,0,0,0.565,0
D01536,HX-8T,4830,36.9,0,0,0,3,0.19,0
D01537,HX-12T,15220,40.3,0,0,0,0,0.267,0
D01538,HX-12T,10808,36.3,0,0,0,0,0.243,0
D01539,SG-16T,9824,34.7,0,0,0,0,0.365,0
D01540,HX-8T,31009,35.3,0,0,0,0,0.169,0
D01541,HX-12T,24862,32.7,0,0,0,0,0.272,0
D01542,HX-12T,43985,41.2,0,3,0,0,0.583,0
D01543,HX-8T,17708,27.8,0,0,0,0,0.198,0
D01544,HX-12T,9164,42.0,0,0,0,0,0.37,0
D01545,HX-12T,29197,40.7,0,0,0,0,0.253,0
D01546,SG-16T,41288,37.8,0,0,0,0,0.268,0
D01547,HX-8T,45476,37.6,3,0,0,0,0.0,0
D01548,SG-16T,23487,34.3,0,0,0,0,0.398,0
D01549,HX-12T,27264,39.4,0,0,0,0,0.349,0
D01550,HX-8T,44179,38.6,0,0,0,0,0.012,0
D01551,HX-8T,41849,34.9,0,0,0,0,0.155,0
D01552,HX-8T,51167,36.6,0,0,0,0,0.175,0
D01553,HX-8T,17130,41.6,0,0,0,0,0.472,0
D01554,SG-16T,46346,38.7,0,0,0,0,0.26,0
D01555,HX-12T,1977,32.0,0,0,0,0,0.403,0
D01556,SG-16T,25343,39.1,0,0,0,0,0.331,0
D01557,HX-12T,10040,40.7,0,0,0,0,0.419,0
D01558,HX-12T,12021,40.0,0,0,0,0,0.512,0
D01559,SG-16T,14084,39.4,6,1,0,0,0.711,0
D01560,HX-12T,41946,33.8,0,0,0,0,0.327,0
D01561,HX-8T,37585,43.3,0,0,0,0,0.079,0
D01562,HX-12T,6095,34.0,0,0,0,0,0.326,0
D01563,HX-8T,40648,29.8,0,0,0,0,0.355,0
D01564,HX-12T,14186,32.9,0,0,0,0,0.507,0
D01565,HX-12T,28525,25.3,0,0,0,0,0.342,0
D01566,HX-12T,43910,32.8,0,0,0,0,0.244,0
D01567,HX-8T,42056,39.5,0,0,0,0,0.106,0
D01568,HX-8T,35626,34.6,0,0,0,3,0.326,0
D01569,SG-16T,19893,34.3,0,0,0,0,0.446,0
D01570,HX-8T,42543,40.4,0,0,0,0,0.308,0
D01571,HX-8T,46027,35.2,0,0,0,0,0.131,0
D01572,HX-8T,27433,33.9,0,0,0,0,0.303,0
D01573,HX-8T,11801,37.1,0,0,0,0,0.317,0
D01574,HX-12T,34313,43.7,2,0,0,0,0.304,0
D01575,HX-8T,31931,42.2,0,0,0,0,0.202,0
D01576,HX-12T,35138,31.7,0,0,0,0,0.218,0
D01577,HX-8T,17874,34.7,0,0,0,0,0.2,0
D01578,HX-12T,27755,32.8,0,0,0,0,0.412,0
D01579,HX-12T,46801,33.8,0,0,0,0,0.256,0
D01580,HX-8T,24770,43.3,0,0,0,1,0.174,0
D01581,HX-8T,3930,39.5,0,0,0,0,0.647,0
D01582,HX-12T,47017,33.0,0,0,0,0,0.097,0
D01583,HX-12T,6587,31.9,0,0,0,0,0.11,0
D01584,HX-8T,37625,30.8,0,0,0,0,0.341,0
D01585,HX-8T,34773,36.5,0,0,0,0,0.157,0
D01586,HX-8T,44369,36.5,0,0,0,0,0.477,0
D01587,HX-12T,17823,35.7,0,0,0,0,0.597,0
D01588,SG-16T,48270,36.3,0,0,0,0,0.741,0
D01589,HX-8T,29505,33.0,0,0,0,0,0.291,0
D01590,SG-16T,10554,34.5,0,0,0,0,0.164,0
D01591,HX-8T,21925,34.6,0,0,0,0,0.299,0
D01592,SG-16T,6904,38.9,73,0,2,0,0.546,0
D01593,HX-8T,34668,37.7,0,0,0,0,0.419,0
D01594,SG-16T,51614,29.1,0,0,0,0,0.367,0
D01595,HX-12T,33937,36.6,0,0,0,0,0.596,0
D01596,HX-8T,34199,35.0,0,0,0,0,0.299,0
D01597,HX-8T,18046,35.3,0,0,0,0,0.074,0
D01598,SG-16T,20127,32.5,0,0,0,0,0.365,0
D01599,SG-16T,10649,37.0,13,0,1,0,0.5,0
D01600,HX-12T,22013,27.9,0,0,0,0,0.25,0
D01601,HX-8T,43376,36.8,0,0,0,0,0.323,0
D01602,SG-16T,42139,38.8,0,0,0,0,0.317,0
D01603,HX-12T,16607,35.2,0,0,0,0,0.204,0
D01604,HX-12T,33874,37.6,0,0,0,0,0.0,0
D01605,SG-16T,15636,39.5,0,0,0,0,0.24,0
D01606,HX-8T,47736,36.7,0,0,0,0,0.372,0
D01607,HX-8T,44181,35.3,0,0,0,0,0.218,0
D01608,SG-16T,32945,44.1,0,0,0,0,0.641,0
D01609,SG-16T,21909,33.9,0,0,0,0,0.411,0
D01610,HX-12T,49132,33.6,0,0,0,0,0.097,0
D01611,HX-12T,2104,41.0,0,0,0,2,0.087,0
D01612,SG-16T,10344,35.5,0,0,0,0,0.347,0
D01613,SG-16T,32812,35.4,0,0,0,0,0.446,0
D01614,HX-12T,46709,41.8,0,0,0,0,0.384,0
D01615,HX-8T,51511,36.7,0,0,0,0,0.184,0
D01616,HX-12T,39491,38.3,0,0,0,0,0.466,0
D01617,HX-8T,16961,31.9,0,0,0,0,0.442,0
D01618,HX-8T,31704,37.6,3,0,0,0,0.16,0
D01619,SG-16T,20252,36.7,0,0,0,0,0.399,0
D01620,SG-16T,18091,29.8,0,0,0,0,0.431,0
D01621,SG-16T,28880,31.6,0,0,0,0,0.242,0
D01622,HX-12T,39172,33.4,0,0,0,0,0.133,0
D01623,HX-12T,14404,32.2,0,0,0,0,0.489,0
D01624,SG-16T,18611,33.0,0,0,0,0,0.201,0
D01625,SG-16T,30264,37.6,0,0,0,0,0.583,0
D01626,HX-8T,20809,37.2,0,0,0,0,0.428,0
D01627,HX-12T,45558,36.4,16,0,2,0,0.591,1
D01628,HX-8T,38883,37.0,0,0,0,0,0.438,0
D01629,HX-8T,47595,36.7,1,0,0,0,0.254,0
D01630,HX-8T,23315,38.8,0,0,0,3,0.405,0
D01631,HX-8T,19249,30.6,0,0,0,0,0.341,0
D01632,HX-8T,46139,43.5,0,0,0,0,0.404,0
D01633,SG-16T,8854,28.7,0,0,0,0,0.488,0
D01634,HX-8T,8969,38.6,6,0,0,0,0.113,0
D01635,SG-16T,3997,47.2,0,0,0,0,0.097,0
D01636,HX-12T,1523,37.2,0,0,0,0,0.386,0
D01637,HX-8T,21817,34.0,0,0,0,0,0.197,0
D01638,HX-8T,11701,40.5,0,0,0,0,0.453,0
D01639,HX-8T,47383,41.0,0,0,0,0,0.258,0
D01640,HX-8T,45294,32.3,0,0,0,0,0.484,0
D01641,HX-12T,25934,38.0,0,0,0,0,0.085,0
D01642,HX-8T,4806,30.7,0,0,0,0,0.31,0
D01643,HX-8T,24018,33.2,0,0,0,0,0.7,0
D01644,HX-8T,20670,35.1,30,1,0,0,0.883,0
D01645,HX-12T,36994,34.9,0,0,0,0,0.165,0
D01646,HX-12T,46450,30.4,0,1,0,0,0.448,0
D01647,HX-8T,14526,37.4,0,0,0,0,0.255,0
D01648,HX-8T,49794,36.0,0,0,0,0,0.216,0
D01649,SG-16T,35991,32.2,0,0,0,0,0.211,0
D01650,SG-16T,29536,37.6,0,0,0,0,0.136,0
D01651,HX-8T,43327,34.3,0,0,0,0,0.271,0
D01652,HX-12T,28306,33.5,0,0,0,0,0.247,0
D01653,HX-8T,26777,28.8,0,0,0,1,0.202,0
D01654,HX-8T,16915,40.4,0,0,0,0,0.692,0
D01655,HX-8T,33114,34.3,0,0,0,0,0.038,0
D01656,HX-12T,51321,33.6,0,0,0,0,0.071,0
D01657,SG-16T,16193,37.5,0,0,0,0,0.412,0
D01658,SG-16T,25166,34.1,0,0,0,0,0.43,0
D01659,HX-12T,25133,31.3,0,0,0,0,0.0,0
D01660,HX-12T,2474,35.1,0,0,0,0,0.269,0
D01661,HX-12T,16820,38.4,0,0,0,0,0.253,0
D01662,HX-8T,33115,36.4,0,0,0,0,0.367,0
D01663,HX-12T,10987,36.1,0,0,0,0,0.313,0
D01664,HX-12T,47397,39.5,0,0,0,3,0.072,0
D01665,HX-12T,30640,33.3,0,0,0,0,0.322,0
D01666,HX-8T,33499,35.2,0,0,0,0,0.238,0
D01667,HX-12T,4856,41.9,0,0,0,0,0.317,0
D01668,HX-8T,39670,35.1,0,0,0,0,0.409,0
D01669,SG-16T,50183,39.7,0,0,0,0,0.387,0
D01670,HX-8T,40400,41.6,0,0,0,0,0.375,0
D01671,HX-12T,34880,34.1,0,0,0,0,0.314,0
D01672,HX-8T,15833,36.9,0,0,0,0,0.319,0
D01673,HX-8T,12552,34.5,3,0,0,0,0.36,0
D01674,HX-8T,37318,45.6,0,0,0,0,0.313,0
D01675,HX-8T,37775,36.6,0,0,0,0,0.32,0
D01676,SG-16T,8424,37.5,0,0,0,6,0.419,0
D01677,SG-16T,45915,35.1,0,0,0,0,0.29,0
D01678,HX-8T,8086,40.0,0,0,0,0,0.518,0
D01679,SG-16T,31382,35.6,0,0,0,0,0.232,0
D01680,HX-12T,4511,32.8,0,0,0,0,0.381,0
D01681,HX-8T,40122,32.7,1,0,0,0,0.344,0
D01682,SG-16T,19909,33.9,0,0,0,4,0.387,0
D01683,SG-16T,26262,30.7,0,0,0,0,0.547,0
D01684,HX-12T,26195,33.0,0,0,0,0,0.442,0
D01685,HX-8T,27075,35.7,0,0,0,0,0.224,0
D01686,HX-12T,49917,37.3,0,0,0,0,0.144,0
D01687,HX-12T,36575,36.3,0,0,0,0,0.095,0
D01688,HX-8T,14150,39.4,0,0,0,0,0.175,0
D01689,SG-16T,7916,31.8,0,0,0,0,0.346,0
D01690,HX-12T,19233,37.7,0,0,0,0,0.44,0
D01691,HX-12T,35664,36.4,6,0,0,0,0.243,0
D01692,SG-16T,19928,37.5,0,0,0,0,0.117,0
D01693,HX-12T,19178,32.9,0,0,0,0,0.269,0
D01694,HX-8T,45646,33.2,4,0,0,0,0.195,0
D01695,SG-16T,45042,42.0,0,0,0,0,0.188,0
D01696,HX-12T,30688,35.1,0,0,0,0,0.364,0
D01697,HX-12T,20612,28.7,0,0,0,0,0.0,0
D01698,HX-12T,17758,36.9,0,0,0,0,0.0,0
D01699,SG-16T,42902,36.3,0,0,0,0,0.203,0
D01700,HX-12T,9424,29.8,0,0,0,5,0.563,0
D01701,HX-8T,26708,37.7,0,0,0,0,0.291,0
D01702,SG-16T,25472,35.1,0,12,3,0,0.358,0
D01703,SG-16T,32840,32.7,0,0,0,0,0.164,0
D01704,SG-16T,16070,37.3,6,2,0,0,0.591,0
D01705,HX-12T,23817,32.6,0,0,0,0,0.492,0
D01706,HX-12T,17247,32.8,0,0,0,0,0.315,0
D01707,HX-12T,12583,38.1,0,0,0,0,0.279,0
D01708,SG-16T,16474,43.9,0,0,0,0,0.249,0
D01709,HX-8T,32120,35.6,0,0,0,0,0.43,0
D01710,SG-16T,9453,31.0,0,0,0,0,0.349,0
D01711,SG-16T,33645,39.2,0,0,0,0,0.283,0
D01712,SG-16T,6152,29.2,0,0,0,0,0.254,0
D01713,HX-8T,34441,33.4,0,0,0,0,0.275,0
D01714,HX-12T,2321,29.4,0,0,0,0,0.174,0
D01715,HX-12T,14795,27.8,0,0,0,0,0.472,0
D01716,SG-16T,25587,35.3,0,0,0,0,0.309,0
D01717,HX-8T,40262,35.5,0,0,0,0,0.116,0
D01718,HX-8T,4017,36.3,0,0,0,0,0.132,0
D01719,HX-12T,26251,37.0,0,1,0,0,0.496,0
D01720,HX-8T,29153,41.4,0,0,0,0,0.296,0
D01721,SG-16T,49663,33.0,0,0,0,0,0.452,0
D01722,HX-8T,8608,32.3,0,0,0,0,0.442,0
D01723,HX-8T,49475,30.9,6,0,0,0,0.137,0
D01724,SG-16T,18263,37.6,0,0,0,0,0.64,0
D01725,SG-16T,35134,35.9,0,0,0,0,0.152,0
D01726,HX-12T,33196,40.8,0,0,0,0,0.075,0
D01727,HX-8T,12266,34.0,0,0,0,0,0.494,0
D01728,SG-16T,683,36.9,0,0,0,0,0.518,0
D01729,HX-12T,15655,35.7,0,0,0,0,0.167,0
D01730,HX-12T,7804,38.7,15,2,0,0,0.552,0
D01731,HX-12T,42710,38.6,0,0,0,0,0.246,0
D01732,HX-8T,23797,40.4,0,0,0,3,0.736,0
D01733,HX-12T,37335,43.0,0,0,0,0,0.54,0
D01734,HX-8T,44868,38.2,0,0,0,0,0.404,0
D01735,HX-12T,4853,37.4,0,0,0,0,0.407,0
D01736,HX-8T,7049,36.6,0,0,0,0,0.51,0
D01737,SG-16T,48286,37.5,0,0,0,0,0.072,0
D01738,HX-8T,11317,36.8,0,0,0,0,0.092,0
D01739,HX-8T,49550,30.8,1,0,0,0,0.199,0
D01740,HX-12T,9598,33.6,0,0,0,0,0.232,0
D01741,SG-16T,49820,34.5,0,0,0,0,0.332,0
D01742,SG-16T,7864,35.2,38,18,0,0,0.598,1
D01743,HX-8T,38436,35.8,0,0,0,0,0.325,0
D01744,SG-16T,14693,41.8,0,0,0,0,0.141,0
D01745,HX-12T,31569,38.6,0,0,0,0,0.294,0
D01746,HX-12T,24528,36.6,0,0,0,14,0.378,0
D01747,HX-12T,12221,38.0,0,0,0,0,0.146,0
D01748,SG-16T,49490,41.3,0,0,0,0,0.391,0
D01749,SG-16T,15942,31.1,0,0,0,0,0.131,0
D01750,HX-12T,35531,34.6,0,0,0,0,0.07,0
D01751,SG-16T,47226,41.3,0,0,0,0,0.059,0
D01752,HX-12T,39224,39.2,0,0,0,0,0.331,0
D01753,HX-8T,43497,35.5,0,0,0,0,0.458,0
D01754,HX-8T,14172,43.9,0,0,0,0,0.434,0
D01755,HX-8T,45869,38.3,9,8,2,0,0.417,1
D01756,HX-12T,5865,42.8,4,0,0,0,0.445,0
D01757,HX-12T,16184,32.4,0,0,0,0,0.549,0
D01758,HX-8T,14353,33.2,0,0,0,0,0.049,0
D01759,SG-16T,40876,33.4,0,0,0,0,0.384,0
D01760,HX-8T,50629,31.8,0,0,0,0,0.345,0
D01761,SG-16T,24596,31.3,15,3,0,0,0.816,0
D01762,SG-16T,36662,38.7,0,0,0,11,0.436,0
D01763,HX-8T,20426,36.3,0,0,0,0,0.02,0
D01764,HX-8T,40450,33.0,65,12,0,0,0.642,1
D01765,HX-8T,33315,39.2,0,0,0,0,0.324,0
D01766,HX-12T,2749,36.9,10,9,0,0,0.662,0
D01767,HX-12T,1317,34.5,0,0,0,10,0.345,0
D01768,HX-8T,33934,35.1,1,2,0,0,0.541,0
D01769,HX-12T,20051,36.5,0,0,0,0,0.549,0
D01770,HX-12T,31370,36.7,0,0,0,0,0.342,0
D01771,HX-12T,7129,34.9,0,0,0,0,0.206,0
D01772,SG-16T,22827,36.9,0,0,0,0,0.53,0
D01773,SG-16T,12684,28.3,3,0,0,0,0.178,0
D01774,SG-16T,51623,37.9,0,0,0,0,0.474,0
D01775,SG-16T,17852,34.9,3,0,0,0,0.225,0
D01776,HX-12T,30427,44.4,0,0,0,0,0.294,0
D01777,SG-16T,39901,38.1,0,0,0,0,0.55,0
D01778,HX-12T,5426,33.6,0,0,0,0,0.306,0
D01779,SG-16T,2087,38.0,0,0,0,0,0.207,0
D01780,SG-16T,4482,45.3,0,0,0,0,0.314,0
D01781,HX-12T,3672,37.9,0,0,0,0,0.296,0
D01782,HX-8T,43006,38.7,0,0,0,0,0.375,0
D01783,SG-16T,27644,37.1,0,0,0,0,0.478,0
D01784,HX-8T,33097,36.5,0,0,0,0,0.415,0
D01785,HX-12T,37157,39.7,0,2,1,0,0.472,1
D01786,SG-16T,4396,38.1,0,0,0,0,0.181,0
D01787,SG-16T,36017,44.6,0,0,0,0,0.304,0
D01788,HX-8T,19336,35.6,0,0,0,0,0.54,0
D01789,SG-16T,33628,34.8,0,0,0,0,0.096,0
D01790,HX-8T,49665,44.0,0,0,0,0,0.21,0
D01791,HX-12T,49927,33.8,0,0,0,0,0.38,0
D01792,HX-8T,27720,29.7,0,0,0,0,0.199,0
D01793,HX-8T,14111,44.2,0,0,0,0,0.436,0
D01794,SG-16T,46051,35.3,0,0,0,0,0.329,0
D01795,SG-16T,46773,34.1,0,0,0,0,0.219,0
D01796,SG-16T,1015,29.6,0,0,0,0,0.623,0
D01797,HX-8T,13465,36.6,0,0,0,0,0.511,0
D01798,SG-16T,17452,37.9,0,0,0,2,0.046,0
D01799,SG-16T,5874,37.3,0,0,0,0,0.22,0
D01800,HX-12T,10637,39.2,0,0,0,0,0.173,0
D01801,HX-12T,27742,38.1,0,0,0,6,0.425,0
D01802,HX-12T,20985,31.8,0,0,0,0,0.093,0
D01803,HX-12T,16965,33.1,0,0,0,1,0.307,0
D01804,HX-12T,28744,35.0,0,0,0,0,0.275,0
D01805,HX-8T,13840,38.0,0,0,0,0,0.257,0
D01806,HX-8T,29253,29.4,24,8,0,0,0.776,1
D01807,HX-8T,17881,35.9,0,0,0,0,0.591,0
D01808,SG-16T,36975,33.4,3,0,0,0,0.337,0
D01809,HX-12T,12959,37.3,0,1,0,0,0.406,0
D01810,SG-16T,3618,32.2,0,0,0,10,0.447,0
D01811,SG-16T,32818,33.3,0,0,0,0,0.419,0
D01812,SG-16T,39592,41.5,0,0,0,0,0.395,0
D01813,HX-12T,16818,35.4,0,0,0,0,0.438,0
D01814,HX-8T,10745,35.8,0,0,0,0,0.439,0
D01815,HX-12T,10845,34.0,0,0,0,0,0.37,0
D01816,HX-12T,22122,31.1,0,0,0,0,0.302,0
D01817,HX-12T,10236,34.0,0,0,0,10,0.202,0
D01818,HX-8T,35206,34.6,0,0,0,0,0.282,0
D01819,HX-12T,11516,35.5,0,0,0,0,0.508,0
D01820,HX-8T,33919,40.9,0,0,0,0,0.245,0
D01821,HX-8T,46647,38.8,0,0,0,0,0.314,0
D01822,HX-12T,3148,39.0,0,0,0,0,0.291,0
D01823,HX-8T,20515,31.2,0,0,0,0,0.57,0
D01824,HX-8T,12670,32.3,0,0,0,0,0.485,0
D01825,HX-12T,32069,32.1,0,0,0,0,0.663,0
D01826,HX-8T,36395,41.3,0,0,0,0,0.276,0
D01827,HX-8T,21966,41.1,0,0,0,0,0.288,0
D01828,SG-16T,33404,31.4,0,0,0,0,0.243,0
D01829,HX-12T,39597,33.6,0,0,0,0,0.249,0
D01830,HX-12T,48254,32.5,0,0,0,0,0.535,0
D01831,SG-16T,50798,37.4,0,0,0,0,0.405,0
D01832,HX-12T,15154,32.5,0,1,0,0,0.454,0
D01833,HX-8T,8082,32.5,0,0,0,0,0.057,0
D01834,HX-12T,22267,33.0,0,0,0,0,0.406,0
D01835,SG-16T,19674,35.1,0,0,0,0,0.356,0
D01836,SG-16T,31488,32.4,0,0,0,0,0.404,0
D01837,HX-8T,19887,34.7,3,0,0,0,0.246,0
D01838,HX-8T,18497,39.0,0,0,0,4,0.404,0
D01839,HX-12T,51902,32.1,0,0,0,0,0.33,0
D01840,HX-8T,14535,36.5,0,0,0,2,0.32,0
D01841,HX-8T,42535,39.6,0,0,0,0,0.375,0
D01842,SG-16T,30697,31.8,0,0,0,3,0.331,0
D01843,HX-8T,26471,38.7,0,0,0,18,0.337,0
D01844,SG-16T,23327,37.6,0,0,0,0,0.182,0
D01845,HX-8T,6680,36.7,0,0,0,0,0.487,0
D01846,SG-16T,31270,34.2,0,0,0,0,0.407,0
D01847,HX-12T,47625,40.7,0,0,0,0,0.169,0
D01848,HX-8T,26397,38.5,0,1,0,0,0.362,0
D01849,HX-8T,7846,38.6,0,0,0,1,0.116,0
D01850,HX-8T,45122,39.0,0,0,0,0,0.597,0
D01851,HX-8T,37980,38.3,0,0,0,0,0.465,0
D01852,SG-16T,20988,30.6,0,0,0,0,0.372,0
D01853,HX-8T,43464,38.1,0,0,0,0,0.561,0
D01854,HX-12T,23155,38.4,0,0,0,0,0.351,0
D01855,SG-16T,32091,35.0,0,0,0,0,0.381,0
D01856,HX-12T,46764,39.4,0,0,0,0,0.408,0
D01857,HX-8T,47906,34.0,0,0,0,0,0.272,0
D01858,SG-16T,20860,27.4,0,0,0,0,0.174,0
D01859,HX-8T,1353,37.3,0,0,0,0,0.341,0
D01860,HX-8T,11906,39.7,76,0,0,0,0.781,0
D01861,HX-12T,28887,41.0,0,0,0,6,0.392,0
D01862,HX-8T,11538,34.0,0,0,0,0,0.431,0
D01863,HX-12T,6337,33.6,0,0,0,0,0.3,0
D01864,HX-8T,3846,39.1,0,1,0,0,0.233,0
D01865,HX-8T,48722,41.4,0,0,0,0,0.178,0
D01866,HX-8T,37473,33.5,0,0,0,3,0.198,0
D01867,HX-12T,12762,41.9,0,0,0,0,0.4,0
D01868,SG-16T,49592,41.4,0,0,0,0,0.103,0
D01869,HX-12T,1988,37.0,0,1,0,0,0.234,0
D01870,SG-16T,48123,40.1,0,0,0,0,0.383,0
D01871,HX-8T,43803,34.5,0,0,0,0,0.168,0
D01872,SG-16T,11155,36.6,0,0,0,0,0.398,0
D01873,SG-16T,1596,36.7,0,0,0,0,0.462,0
D01874,HX-8T,3366,40.5,0,0,0,0,0.362,0
D01875,HX-8T,577,32.2,3,4,0,0,0.578,0
D01876,SG-16T,19502,40.6,0,0,0,0,0.099,0
D01877,SG-16T,48019,34.9,0,0,0,0,0.465,0
D01878,SG-16T,17118,32.8,0,0,0,0,0.373,0
D01879,HX-8T,35420,37.3,0,0,0,0,0.19,0
D01880,SG-16T,8107,35.0,0,0,0,0,0.435,0
D01881,SG-16T,15697,33.4,0,0,0,0,0.387,0
D01882,SG-16T,12154,34.7,0,0,0,0,0.39,0
D01883,SG-16T,3892,35.7,0,0,0,0,0.151,0
D01884,SG-16T,49611,35.8,0,0,0,0,0.459,0
D01885,SG-16T,25779,39.8,0,0,0,0,0.532,0
D01886,SG-16T,51851,39.2,0,0,0,0,0.259,0
D01887,HX-8T,4010,33.5,0,0,0,0,0.156,0
D01888,SG-16T,37668,34.8,63,0,0,0,0.774,0
D01889,SG-16T,4734,33.2,0,0,0,0,0.165,0
D01890,HX-8T,18638,28.5,0,0,0,0,0.357,0
D01891,HX-12T,50483,41.8,0,0,0,0,0.0,0
D01892,HX-12T,14012,38.8,0,0,0,0,0.355,0
D01893,SG-16T,31678,38.3,0,0,0,0,0.398,0
D01894,HX-8T,27555,32.7,0,0,0,0,0.335,0
D01895,HX-12T,49950,31.5,0,0,0,0,0.349,0
D01896,SG-16T,26711,40.5,0,0,0,0,0.111,0
D01897,SG-16T,22251,39.2,0,0,0,1,0.461,0
D01898,HX-12T,7072,39.0,0,0,0,0,0.288,0
D01899,SG-16T,45319,37.1,0,0,0,0,0.232,0
D01900,HX-8T,6925,33.3,0,0,0,0,0.282,0
D01901,HX-12T,1883,36.7,0,1,0,0,0.18,0
D01902,HX-12T,44429,31.5,0,0,0,0,0.0,0
D01903,SG-16T,50976,40.1,0,0,0,0,0.344,0
D01904,SG-16T,940,31.6,0,0,0,5,0.394,0
D01905,HX-8T,31594,31.6,0,0,0,0,0.32,0
D01906,HX-8T,29376,37.1,0,0,0,0,0.317,0
D01907,HX-12T,28715,36.8,0,0,0,0,0.315,0
D01908,HX-12T,18669,32.3,0,0,0,0,0.467,0
D01909,HX-12T,48759,34.5,0,0,0,0,0.236,0
D01910,SG-16T,37160,36.4,0,0,0,0,0.248,0
D01911,HX-12T,36931,40.1,0,0,0,0,0.13,0
D01912,HX-12T,9451,40.1,0,0,0,0,0.043,0
D01913,HX-12T,18600,39.0,0,0,0,0,0.174,0
D01914,HX-12T,39973,42.0,0,0,0,0,0.092,0
D01915,HX-12T,17497,31.2,0,0,0,0,0.286,0
D01916,HX-8T,37295,36.1,0,0,0,0,0.11,0
D01917,HX-8T,34880,31.9,0,0,0,0,0.701,0
D01918,HX-8T,12350,39.6,0,0,0,0,0.157,0
D01919,HX-8T,12302,35.7,0,0,0,0,0.407,0
D01920,HX-8T,906,33.2,0,0,0,0,0.171,0
D01921,HX-8T,35814,31.2,0,0,0,0,0.385,0
D01922,SG-16T,32454,32.8,0,0,0,0,0.324,0
D01923,HX-12T,38035,33.6,0,0,0,0,0.379,0
D01924,HX-8T,565,36.0,0,0,0,0,0.203,0
D01925,SG-16T,32467,35.4,0,0,0,0,0.237,0
D01926,HX-8T,42786,38.3,0,0,0,0,0.206,0
D01927,SG-16T,46069,36.6,0,0,0,0,0.313,0
D01928,HX-12T,8905,33.3,0,0,0,0,0.275,0
D01929,HX-12T,16722,31.9,0,0,0,0,0.267,0
D01930,SG-16T,43872,41.3,0,0,0,0,0.665,0
D01931,SG-16T,26447,34.3,0,0,0,0,0.328,0
D01932,HX-12T,37971,35.5,0,0,0,0,0.107,0
D01933,HX-12T,39563,38.8,0,0,0,0,0.21,0
D01934,HX-12T,34799,31.9,0,0,0,0,0.335,0
D01935,SG-16T,42423,33.6,0,0,0,0,0.157,0
D01936,HX-8T,33384,37.3,0,0,0,0,0.267,0
D01937,HX-8T,43978,32.7,0,0,0,8,0.426,0
D01938,HX-12T,27775,43.1,0,0,0,0,0.416,0
D01939,HX-12T,47679,35.1,0,0,0,0,0.39,0
D01940,SG-16T,5440,37.5,0,0,0,0,0.217,0
D01941,SG-16T,28379,32.7,0,0,0,0,0.5,0
D01942,HX-12T,29973,29.6,0,0,0,0,0.341,0
D01943,HX-8T,39799,40.6,0,0,0,0,0.333,0
D01944,SG-16T,17592,34.4,1,0,0,0,0.27,0
D01945,HX-12T,27181,35.0,0,0,0,0,0.128,0
D01946,HX-8T,29648,36.1,0,0,0,0,0.364,0
D01947,HX-8T,44390,33.7,0,0,0,0,0.4,0
D01948,HX-8T,30520,31.2,0,0,0,0,0.164,0
D01949,HX-8T,21884,35.2,0,0,0,0,0.419,0
D01950,HX-8T,31269,37.4,0,0,0,0,0.227,0
D01951,SG-16T,51325,31.1,0,0,0,0,0.137,0
D01952,HX-8T,42890,39.0,0,0,13,0,0.749,0
D01953,SG-16T,43388,36.3,6,0,0,0,0.188,0
D01954,HX-12T,7596,33.3,0,0,0,0,0.423,0
D01955,HX-12T,43810,37.0,0,0,0,0,0.256,0
D01956,HX-12T,50243,33.7,0,0,0,0,0.248,0
D01957,SG-16T,38498,33.2,0,0,0,0,0.276,0
D01958,SG-16T,40296,34.7,0,0,0,0,0.382,0
D01959,SG-16T,28846,33.1,0,0,0,0,0.458,0
D01960,HX-12T,45502,37.0,46,0,2,0,0.674,0
D01961,HX-8T,47372,37.0,0,0,0,0,0.526,0
D01962,SG-16T,34963,32.8,0,0,0,0,0.452,0
D01963,SG-16T,49310,37.8,0,0,0,0,0.729,0
D01964,HX-12T,10472,35.1,0,0,0,0,0.229,0
D01965,HX-12T,32833,31.7,0,0,0,0,0.201,0
D01966,HX-12T,36495,38.5,0,0,0,0,0.315,0
D01967,HX-8T,10428,35.9,0,21,0,0,0.402,0
D01968,SG-16T,27784,37.6,0,0,0,0,0.347,0
D01969,HX-8T,26706,36.6,0,0,0,0,0.533,0
D01970,HX-12T,16023,33.4,1,0,0,0,0.379,0
D01971,SG-16T,48614,38.0,0,0,0,0,0.258,0
D01972,HX-12T,25790,22.8,0,0,0,0,0.119,0
D01973,HX-12T,10099,36.7,0,0,0,0,0.652,0
D01974,SG-16T,31584,39.0,0,0,0,0,0.468,0
D01975,HX-12T,50902,35.5,0,0,0,0,0.113,0
D01976,SG-16T,31337,40.4,0,0,0,4,0.502,0
D01977,HX-8T,12902,34.4,0,0,0,0,0.221,0
D01978,SG-16T,48288,44.7,0,1,0,0,0.521,0
D01979,HX-8T,24413,33.2,0,0,0,0,0.293,0
D01980,HX-12T,21760,38.8,0,0,0,0,0.314,0
D01981,HX-12T,13701,37.9,0,0,0,0,0.095,0
D01982,HX-8T,48041,35.4,0,0,0,0,0.338,0
D01983,SG-16T,11668,35.0,0,0,0,0,0.351,0
D01984,HX-8T,15620,41.7,0,0,0,0,0.585,0
D01985,HX-12T,37108,35.7,0,0,0,0,0.432,0
D01986,HX-8T,38864,39.9,0,0,0,0,0.356,0
D01987,SG-16T,32244,30.1,0,0,0,0,0.364,0
D01988,HX-12T,49178,27.5,0,0,0,0,0.311,0
D01989,HX-12T,22033,34.2,0,0,0,0,0.43,0
D01990,SG-16T,17588,32.9,0,0,0,0,0.17,0
D01991,SG-16T,33162,31.6,1,0,0,0,0.0,0
D01992,HX-12T,6059,38.1,0,0,0,0,0.383,0
D01993,HX-12T,34959,40.5,0,0,0,0,0.318,0
D01994,HX-12T,6535,36.2,0,0,0,0,0.563,0
D01995,HX-8T,42897,30.7,0,0,0,0,0.562,0
D01996,SG-16T,23146,30.4,0,0,0,0,0.522,0
D01997,HX-8T,40255,32.9,0,0,0,0,0.198,0
D01998,HX-8T,38062,37.8,0,0,0,0,0.252,0
D01999,HX-8T,1154,32.3,0,0,0,0,0.457,0
D02000,HX-8T,40362,29.5,0,0,0,0,0.434,0
D02001,HX-12T,10836,36.9,1,0,0,0,0.429,0
D02002,HX-12T,46300,35.6,0,0,0,0,0.453,0
D02003,SG-16T,20152,36.7,0,1,0,0,0.333,0
D02004,HX-12T,41845,34.6,0,0,0,0,0.135,0
D02005,HX-8T,39239,31.2,0,0,0,0,0.458,0
D02006,SG-16T,21717,36.5,0,0,0,0,0.254,0
D02007,HX-12T,32390,31.9,25,2,0,0,0.668,0
D02008,HX-12T,26517,37.8,0,0,0,0,0.335,0
D02009,SG-16T,44739,41.7,10,0,0,0,0.191,0
D02010,HX-8T,40113,37.4,0,0,0,0,0.363,0
D02011,HX-8T,32295,30.8,0,0,0,0,0.248,0
D02012,HX-12T,20308,37.5,3,0,0,0,0.31,0
D02013,HX-12T,10639,29.5,0,0,0,0,0.349,0
D02014,HX-8T,13648,42.4,0,0,0,0,0.346,0
D02015,HX-12T,44503,38.4,0,0,0,0,0.33,0
D02016,HX-12T,28822,29.7,0,0,0,0,0.437,0
D02017,HX-8T,43298,39.9,0,0,0,0,0.629,0
D02018,HX-12T,36420,36.4,0,0,0,0,0.073,0
D02019,HX-12T,50126,39.9,0,0,0,0,0.333,0
D02020,HX-8T,6459,38.9,0,0,0,0,0.305,0
D02021,HX-8T,36181,30.7,0,0,0,0,0.431,0
D02022,HX-8T,18620,35.8,0,0,0,0,0.462,0
D02023,HX-8T,22462,40.1,0,0,0,0,0.339,0
D02024,SG-16T,18299,43.0,1,1,0,0,0.427,0
D02025,SG-16T,27147,32.8,0,0,0,0,0.304,0
D02026,HX-8T,51386,38.9,3,0,0,0,0.366,0
D02027,SG-16T,22143,29.7,0,0,0,0,0.159,0
D02028,HX-12T,7682,34.0,0,0,0,0,0.471,0
D02029,HX-12T,16970,41.0,0,0,0,0,0.287,0
D02030,SG-16T,38734,33.3,0,0,0,0,0.226,0
D02031,HX-12T,43192,37.8,0,0,0,0,0.382,0
D02032,SG-16T,5376,37.5,0,0,0,0,0.222,0
D02033,HX-8T,36925,31.7,3,0,2,0,0.851,0
D02034,HX-8T,5721,38.9,0,0,0,0,0.387,0
D02035,HX-8T,16237,39.9,0,0,0,0,0.346,0
D02036,HX-8T,25428,36.4,0,0,0,0,0.346,0
D02037,HX-12T,48608,36.2,0,0,0,0,0.459,0
D02038,HX-8T,16473,37.0,0,0,0,0,0.427,0
D02039,HX-8T,43878,34.4,1,0,0,0,0.233,0
D02040,SG-16T,15793,36.4,0,0,0,0,0.061,0
D02041,HX-8T,27902,34.2,0,0,0,0,0.0,0
D02042,HX-12T,29330,34.2,0,0,0,0,0.298,0
D02043,HX-8T,12375,35.0,0,0,0,8,0.555,0
D02044,SG-16T,39554,34.5,0,0,0,0,0.0,0
D02045,HX-8T,25469,32.3,0,0,0,0,0.381,0
D02046,SG-16T,15912,26.2,0,1,0,0,0.482,0
D02047,HX-8T,20793,37.3,0,0,0,1,0.376,0
D02048,SG-16T,4112,37.3,0,0,0,0,0.298,0
D02049,HX-8T,46101,35.6,0,0,0,0,0.145,0
D02050,HX-8T,9950,45.9,4,0,0,0,0.529,0
D02051,HX-12T,23454,39.1,0,0,0,0,0.398,0
D02052,HX-8T,50330,41.8,0,0,0,0,0.126,0
D02053,HX-8T,34832,32.5,0,0,0,0,0.288,0
D02054,HX-8T,19258,30.7,0,0,0,0,0.391,0
D02055,HX-8T,35576,39.8,0,0,0,0,0.0,0
D02056,HX-8T,36379,32.0,0,0,0,0,0.471,0
D02057,HX-12T,51194,34.5,0,0,0,0,0.419,0
D02058,HX-12T,43179,38.0,0,0,0,0,0.37,0
D02059,HX-8T,26714,44.6,0,0,0,0,0.42,0
D02060,SG-16T,25731,37.7,0,0,0,0,0.595,0
D02061,HX-8T,47175,34.9,0,0,0,0,0.455,0
D02062,SG-16T,10223,41.1,0,0,0,0,0.279,0
D02063,SG-16T,41673,33.5,0,0,0,0,0.0,0
D02064,SG-16T,23269,40.2,0,0,0,0,0.325,0
D02065,HX-12T,18704,36.3,66,13,0,0,0.593,1
D02066,HX-12T,47965,36.9,0,2,0,0,0.462,0
D02067,HX-12T,14338,41.6,0,0,0,0,0.349,0
D02068,HX-12T,17362,34.0,0,0,0,0,0.41,0
D02069,HX-8T,28231,40.7,0,0,0,0,0.43,0
D02070,SG-16T,43117,36.3,0,0,0,0,0.273,0
D02071,HX-8T,10636,34.4,0,0,0,0,0.46,0
D02072,HX-8T,18822,35.0,0,0,0,0,0.648,0
D02073,HX-12T,51516,38.5,0,0,0,0,0.309,0
D02074,SG-16T,23289,38.6,0,0,0,4,0.0,0
D02075,HX-8T,16401,38.5,0,0,0,4,0.341,0
D02076,SG-16T,27050,35.5,0,0,0,0,0.329,0
D02077,HX-12T,35042,32.4,0,0,0,0,0.493,0
D02078,HX-12T,19555,39.1,3,0,0,0,0.603,0
D02079,HX-8T,22751,33.3,0,0,0,0,0.305,0
D02080,HX-8T,14437,39.1,0,0,0,0,0.338,0
D02081,HX-12T,8551,42.3,0,0,0,0,0.251,0
D02082,HX-12T,39515,33.2,0,0,0,0,0.508,0
D02083,HX-12T,41258,25.5,0,0,0,0,0.235,0
D02084,SG-16T,3910,34.6,0,0,0,0,0.662,0
D02085,HX-12T,51131,34.2,0,0,0,0,0.349,0
D02086,SG-16T,21897,33.5,2,1,0,0,0.206,0
D02087,HX-12T,48859,35.4,0,0,0,0,0.361,0
D02088,HX-12T,2338,38.5,0,0,0,0,0.357,0
D02089,HX-8T,19757,36.9,32,0,0,0,0.682,0
D02090,HX-8T,40893,41.8,0,0,0,0,0.0,0
D02091,SG-16T,27143,33.0,0,0,0,0,0.209,0
D02092,HX-8T,26746,32.8,0,0,0,0,0.241,0
D02093,SG-16T,19634,42.2,0,0,0,0,0.453,0
D02094,HX-8T,14757,36.2,0,0,0,0,0.449,0
D02095,HX-12T,28885,31.2,0,0,0,0,0.377,0
D02096,HX-12T,19712,35.2,0,0,0,0,0.388,0
D02097,HX-8T,6040,38.5,0,0,0,0,0.402,0
D02098,HX-8T,26119,29.3,0,0,0,0,0.457,0
D02099,SG-16T,46748,31.1,0,0,0,2,0.167,0
D02100,SG-16T,34053,36.4,0,0,0,0,0.432,0
D02101,HX-8T,33103,30.9,6,22,3,0,0.554,0
D02102,HX-8T,17087,36.9,1,0,0,1,0.455,0
D02103,SG-16T,50322,38.3,0,0,0,0,0.4,0
D02104,HX-8T,11156,36.5,0,0,0,0,0.351,0
D02105,HX-12T,32538,35.4,0,0,0,0,0.0,0
D02106,HX-12T,51181,35.1,0,0,0,0,0.255,0
D02107,SG-16T,22216,30.3,0,0,0,0,0.273,0
D02108,HX-12T,24707,37.2,0,0,0,0,0.183,0
D02109,SG-16T,8976,37.6,0,0,0,0,0.407,0
D02110,HX-8T,29876,34.3,0,0,0,0,0.158,0
D02111,HX-12T,14573,35.1,6,4,0,0,1.011,0
D02112,HX-12T,41007,34.6,0,0,0,0,0.294,0
D02113,HX-12T,3860,32.4,0,0,0,0,0.187,0
D02114,HX-8T,12310,36.9,0,0,0,0,0.164,0
D02115,SG-16T,9718,37.2,13,0,0,0,0.88,0
D02116,SG-16T,6520,34.3,0,0,0,0,0.281,0
D02117,SG-16T,43225,38.4,0,0,0,0,0.033,0
D02118,HX-12T,28237,40.2,0,0,0,0,0.369,0
D02119,HX-8T,43031,39.2,0,0,0,0,0.337,0
D02120,HX-8T,1968,33.6,1,0,0,0,0.251,0
D02121,SG-16T,27077,35.2,0,0,0,0,0.397,0
D02122,HX-12T,1367,37.7,0,0,0,0,0.601,0
D02123,HX-12T,9852,39.7,0,0,0,0,0.159,0
D02124,HX-8T,46114,45.9,0,0,0,0,0.393,0
D02125,HX-12T,31475,33.3,0,0,0,0,0.409,0
D02126,SG-16T,33335,36.1,0,0,0,2,0.266,0
D02127,SG-16T,32513,31.8,0,0,0,0,0.345,0
D02128,SG-16T,48972,38.5,0,0,0,0,0.416,0
D02129,HX-12T,51540,38.9,0,0,0,0,0.412,0
D02130,HX-8T,3874,32.8,0,0,0,0,0.369,0
D02131,HX-8T,27406,35.5,0,0,0,0,0.522,0
D02132,HX-12T,21397,39.9,0,0,0,0,0.439,0
D02133,HX-12T,36952,35.1,0,0,0,0,0.757,0
D02134,HX-8T,36855,36.3,0,0,0,0,0.025,0
D02135,HX-8T,40641,37.4,0,0,0,0,0.138,0
D02136,HX-8T,11466,32.8,0,0,0,0,0.388,0
D02137,HX-12T,39434,39.5,0,0,0,0,0.175,0
D02138,HX-8T,32215,37.8,0,0,0,0,0.417,0
D02139,HX-12T,15749,37.0,0,0,0,0,0.241,0
D02140,HX-8T,745,22.0,0,0,0,0,0.122,0
D02141,HX-12T,51387,35.3,0,0,0,0,0.508,0
D02142,HX-8T,28889,36.3,0,0,0,0,0.628,0
D02143,SG-16T,43766,37.0,0,0,0,8,0.488,0
D02144,HX-12T,44173,36.3,0,0,0,0,0.423,0
D02145,SG-16T,6959,35.2,0,0,0,0,0.498,0
D02146,HX-8T,12404,33.4,0,0,0,0,0.461,0
D02147,HX-8T,899,39.1,0,0,0,0,0.418,0
D02148,SG-16T,37429,42.2,0,0,0,0,0.352,0
D02149,HX-12T,45475,46.8,0,0,0,0,0.313,0
D02150,HX-12T,11032,34.8,0,0,0,0,0.227,0
D02151,HX-12T,33257,27.2,0,0,0,0,0.323,0
D02152,SG-16T,39581,36.1,0,0,0,0,0.497,0
D02153,SG-16T,9624,33.5,0,0,0,0,0.212,0
D02154,SG-16T,39892,35.6,0,0,0,0,0.31,0
D02155,SG-16T,42304,40.5,0,0,0,0,0.229,0
D02156,SG-16T,51622,30.2,0,0,0,0,0.323,0
D02157,SG-16T,46058,39.7,0,0,0,0,0.119,0
D02158,SG-16T,19430,38.0,0,0,0,0,0.213,0
D02159,HX-12T,26117,38.3,0,0,0,0,0.37,0
D02160,HX-8T,5033,28.2,0,0,0,0,0.47,0
D02161,HX-8T,38734,37.0,0,0,0,0,0.35,0
D02162,HX-12T,21423,40.7,0,0,0,0,0.416,0
D02163,HX-12T,6602,30.9,0,0,0,0,0.43,0
D02164,HX-12T,17087,34.7,0,0,0,0,0.33,0
D02165,HX-12T,44858,25.5,2,0,0,0,0.494,0
D02166,HX-8T,28284,32.0,0,0,0,3,0.284,0
D02167,HX-8T,42311,31.5,0,0,0,0,0.449,0
D02168,SG-16T,42783,33.8,0,0,0,0,0.086,0
D02169,SG-16T,10348,34.3,0,0,0,0,0.263,0
D02170,HX-8T,5281,40.4,0,0,0,0,0.066,0
D02171,HX-8T,16116,34.3,0,0,0,1,0.376,0
D02172,SG-16T,36804,34.1,0,0,0,0,0.359,0
D02173,HX-12T,39382,30.7,0,0,0,0,0.179,0
D02174,SG-16T,46775,38.4,0,0,0,0,0.022,0
D02175,SG-16T,20405,35.0,24,5,0,3,0.563,0
D02176,HX-12T,46792,37.3,0,0,0,0,0.303,0
D02177,HX-8T,10556,35.7,0,0,0,11,0.184,0
D02178,HX-8T,37746,38.0,0,1,0,0,0.287,0
D02179,SG-16T,39067,39.0,0,0,0,0,0.104,0
D02180,HX-12T,31651,42.0,0,0,0,4,0.159,0
D02181,HX-12T,49170,43.9,0,23,0,0,0.927,1
D02182,HX-12T,39898,29.8,0,0,0,0,0.429,0
D02183,HX-12T,5089,28.9,0,0,0,2,0.288,0
D02184,HX-12T,15458,34.1,0,0,0,0,0.377,0
D02185,SG-16T,4983,38.5,5,0,0,0,0.32,0
D02186,HX-12T,35449,39.3,0,0,0,0,0.494,0
D02187,HX-12T,27527,37.6,0,0,0,0,0.412,0
D02188,HX-8T,12011,34.7,0,0,0,0,0.277,0
D02189,HX-12T,10212,45.1,0,0,0,0,0.189,0
D02190,HX-12T,20778,31.1,0,0,0,0,0.299,0
D02191,HX-12T,11238,34.2,0,0,0,0,0.416,0
D02192,HX-12T,5291,36.3,0,0,0,0,0.067,0
D02193,HX-12T,2712,37.8,0,0,0,0,0.302,0
D02194,SG-16T,41331,30.9,48,0,3,0,0.587,1
D02195,SG-16T,9304,33.5,9,0,0,0,0.16,0
D02196,SG-16T,23957,36.1,0,0,0,0,0.145,0
D02197,HX-8T,32230,34.0,0,0,0,0,0.225,0
D02198,HX-12T,11168,35.2,0,0,0,0,0.376,0
D02199,SG-16T,46801,36.0,0,0,0,0,0.359,0
D02200,HX-8T,26992,35.8,0,0,0,0,0.048,0
D02201,SG-16T,50231,38.2,1,0,0,0,0.206,0
D02202,SG-16T,28184,37.3,0,0,0,0,0.249,0
D02203,HX-8T,51687,37.4,0,0,0,0,0.498,0
D02204,SG-16T,46317,34.8,0,0,0,0,0.406,0
D02205,HX-12T,40390,45.3,0,0,0,0,0.239,1
D02206,HX-12T,46104,39.5,0,0,0,0,0.381,0
D02207,SG-16T,42852,39.7,0,0,0,0,0.36,0
D02208,HX-8T,50915,31.7,0,0,0,0,0.346,0
D02209,SG-16T,36285,41.2,0,0,0,0,0.137,0
D02210,SG-16T,30228,36.5,0,0,0,0,0.359,0
D02211,SG-16T,28447,29.3,0,0,0,0,0.323,0
D02212,HX-12T,34182,38.8,0,0,0,1,0.472,0
D02213,SG-16T,45956,27.1,0,0,0,0,0.256,0
D02214,HX-8T,23737,29.1,0,0,0,0,0.149,0
D02215,HX-12T,45563,40.1,0,0,0,8,0.204,0
D02216,HX-8T,10003,41.9,7,0,0,0,0.404,0
D02217,HX-8T,27190,29.6,0,0,0,0,0.253,0
D02218,SG-16T,48479,34.2,0,0,0,0,0.354,0
D02219,SG-16T,14796,39.1,0,0,0,0,0.255,0
D02220,HX-12T,35636,30.6,0,0,0,0,0.183,0
D02221,SG-16T,44258,34.6,0,0,0,0,0.4,0
D02222,HX-8T,46982,33.5,2,0,0,0,0.0,0
D02223,SG-16T,4143,44.0,0,0,0,0,0.316,0
D02224,SG-16T,3285,35.1,0,0,0,0,0.45,0
D02225,HX-12T,12064,36.3,0,0,0,0,0.194,0
D02226,HX-12T,6428,44.1,0,0,0,0,0.003,0
D02227,SG-16T,43663,36.7,5,0,0,0,0.237,0
D02228,SG-16T,44740,35.5,0,0,0,15,0.338,0
D02229,HX-12T,2917,37.1,0,0,0,0,0.547,0
D02230,HX-8T,10347,32.3,0,0,0,0,0.575,0
D02231,HX-12T,24359,39.8,2,0,0,0,0.28,0
D02232,SG-16T,36906,27.1,0,0,0,0,0.447,0
D02233,HX-12T,37892,40.1,0,0,0,0,0.436,0
D02234,HX-8T,21968,36.8,0,0,0,0,0.426,1
D02235,HX-8T,30303,39.1,0,0,0,0,0.206,0
D02236,SG-16T,34824,40.0,0,0,0,0,0.117,0
D02237,HX-8T,38391,37.8,0,0,0,0,0.15,0
D02238,HX-12T,16882,35.9,0,0,0,0,0.299,0
D02239,HX-8T,51688,35.5,0,0,0,0,0.252,0
D02240,HX-12T,36821,36.8,0,0,0,0,0.392,0
D02241,HX-12T,29090,40.0,4,0,0,0,0.612,0
D02242,HX-8T,10861,34.2,0,0,0,0,0.304,0
D02243,HX-8T,5675,35.1,0,0,0,0,0.318,0
D02244,HX-12T,51639,26.8,0,0,0,0,0.249,0
D02245,HX-8T,43062,38.9,0,0,0,0,0.35,0
D02246,HX-8T,26881,32.9,0,0,0,0,0.292,0
D02247,HX-12T,49632,37.2,0,0,0,0,0.354,0
D02248,SG-16T,51850,40.0,0,0,0,10,0.304,0
D02249,HX-8T,46959,39.1,0,0,0,0,0.444,0
D02250,HX-12T,34438,32.5,0,0,0,0,0.063,0
D02251,HX-12T,9363,36.0,0,0,0,0,0.269,0
D02252,HX-8T,15676,34.4,0,1,0,0,0.429,0
D02253,HX-8T,38993,41.1,0,0,0,0,0.653,0
D02254,HX-8T,2413,40.2,0,0,0,0,0.546,0
D02255,HX-8T,23193,31.3,0,0,0,0,0.043,0
D02256,SG-16T,16409,42.7,0,0,0,0,0.149,0
D02257,HX-12T,24347,45.3,0,0,0,0,0.391,0
D02258,HX-12T,20215,37.0,0,0,0,0,0.14,0
D02259,SG-16T,50444,40.8,0,0,0,0,0.0,0
D02260,SG-16T,18872,30.9,0,0,0,0,0.342,0
D02261,SG-16T,41862,35.3,2,0,0,0,0.042,0
D02262,SG-16T,624,35.9,50,2,0,0,0.452,1
D02263,HX-12T,14092,39.2,0,0,0,0,0.206,0
D02264,SG-16T,50575,36.0,0,0,0,0,0.315,0
D02265,SG-16T,41517,32.8,0,0,0,0,0.005,0
D02266,SG-16T,37627,38.8,0,0,0,0,0.469,0
D02267,SG-16T,8154,33.1,0,0,0,0,0.29,0
D02268,HX-12T,18326,36.5,0,0,0,0,0.289,0
D02269,SG-16T,11377,39.5,0,0,0,0,0.303,0
D02270,HX-8T,44305,28.9,0,0,0,0,0.485,0
D02271,HX-8T,28496,35.0,0,0,0,0,0.387,0
D02272,HX-12T,29944,40.5,0,0,0,0,0.25,0
D02273,HX-12T,9554,33.2,33,2,4,0,0.641,0
D02274,HX-12T,14734,35.0,0,0,0,0,0.521,0
D02275,HX-8T,4975,33.4,0,0,0,0,0.393,0
D02276,HX-12T,43093,31.2,0,0,0,0,0.51,0
D02277,HX-12T,38495,36.1,0,0,0,0,0.073,0
D02278,HX-8T,33968,42.1,0,0,0,0,0.182,0
D02279,SG-16T,45850,29.3,0,0,0,0,0.32,0
D02280,HX-8T,12454,39.0,0,0,0,0,0.385,0
D02281,SG-16T,48187,31.1,0,0,0,0,0.339,0
D02282,SG-16T,27674,37.1,0,0,0,14,0.337,0
D02283,SG-16T,48786,37.9,0,0,0,1,0.375,0
D02284,HX-12T,14632,37.8,21,0,0,0,0.897,0
D02285,HX-8T,11694,39.7,0,0,0,0,0.284,0
D02286,HX-12T,48042,35.8,0,0,0,0,0.28,0
D02287,HX-12T,28593,35.0,0,1,0,0,0.46,0
D02288,HX-8T,3132,38.1,0,0,0,0,0.382,0
D02289,SG-16T,13743,39.5,0,0,0,0,0.252,0
D02290,HX-8T,36250,39.0,0,1,0,0,0.587,0
D02291,SG-16T,32574,36.6,0,6,4,0,0.582,0
D02292,HX-8T,18511,33.2,0,0,0,0,0.442,0
D02293,HX-12T,34497,35.3,0,0,0,0,0.327,0
D02294,HX-12T,31173,25.4,0,0,0,0,0.363,0
D02295,HX-8T,35736,32.3,0,0,0,0,0.614,0
D02296,SG-16T,20894,34.8,0,0,0,0,0.287,0
D02297,HX-8T,23251,27.6,0,0,0,0,0.177,0
D02298,SG-16T,9193,38.4,0,0,0,0,0.17,0
D02299,SG-16T,16870,34.0,0,0,0,0,0.475,0
D02300,SG-16T,11193,35.4,3,0,0,0,0.271,0
D02301,SG-16T,47328,25.2,0,0,0,0,0.139,0
D02302,HX-8T,1800,42.1,2,0,0,0,0.526,0
D02303,HX-8T,6926,40.6,0,0,0,9,0.469,0
D02304,HX-12T,47462,35.9,0,0,0,0,0.19,0
D02305,HX-12T,15933,34.7,0,0,0,0,0.09,0
D02306,HX-12T,39552,41.2,0,0,0,0,0.203,0
D02307,SG-16T,12059,36.4,0,0,0,0,0.243,0
D02308,HX-8T,43502,35.4,0,0,0,0,0.331,0
D02309,HX-12T,24788,30.3,0,0,0,0,0.33,0
D02310,SG-16T,14140,32.3,0,0,0,0,0.069,0
D02311,HX-12T,2616,31.1,0,0,0,0,0.336,0
D02312,SG-16T,18363,37.0,0,0,0,0,0.301,0
D02313,HX-12T,2601,47.4,0,0,0,0,0.388,0
D02314,HX-8T,42683,39.9,0,0,0,0,0.448,0
D02315,HX-8T,48300,30.6,0,0,0,0,0.084,0
D02316,SG-16T,22965,36.2,0,0,0,0,0.146,0
D02317,SG-16T,30185,33.1,0,0,0,0,0.205,0
D02318,HX-8T,19463,37.8,0,0,0,0,0.66,0
D02319,HX-12T,16186,36.6,0,0,0,0,0.413,0
D02320,HX-12T,49957,30.9,0,0,0,0,0.169,0
D02321,HX-12T,50025,33.1,2,0,0,0,0.345,0
D02322,HX-12T,44424,43.6,0,0,0,0,0.314,0
D02323,HX-12T,29148,40.1,0,1,0,0,0.2,0
D02324,SG-16T,4598,38.5,0,0,0,0,0.318,0
D02325,HX-12T,14587,33.3,0,0,0,0,0.402,0
D02326,HX-12T,28684,31.9,42,13,5,0,0.811,1
D02327,SG-16T,12548,34.1,0,0,0,0,0.17,0
D02328,SG-16T,37620,29.4,0,0,0,0,0.407,0
D02329,HX-8T,43132,33.8,0,0,0,0,0.249,0
D02330,HX-8T,50149,37.2,0,0,0,0,0.0,0
D02331,HX-8T,42536,34.9,0,0,0,0,0.391,0
D02332,HX-8T,39202,38.0,0,0,0,0,0.215,0
D02333,SG-16T,17803,44.0,11,0,0,0,0.34,0
D02334,HX-8T,29323,44.9,0,0,0,2,0.338,0
D02335,HX-12T,30429,39.3,0,0,0,0,0.442,0
D02336,SG-16T,39626,34.4,0,0,0,0,0.394,0
D02337,HX-8T,49720,35.7,0,0,0,0,0.214,0
D02338,HX-8T,29079,36.0,0,0,0,0,0.0,0
D02339,SG-16T,29182,33.4,0,0,0,0,0.553,0
D02340,HX-12T,21188,33.7,0,0,0,0,0.122,0
D02341,HX-8T,27109,38.2,0,0,0,0,0.452,0
D02342,HX-8T,35749,30.2,68,0,0,0,0.475,0
D02343,HX-12T,14536,34.8,0,0,0,0,0.392,1
D02344,HX-8T,28531,41.6,0,0,0,0,0.288,0
D02345,HX-12T,4624,34.2,0,0,0,0,0.405,0
D02346,HX-12T,16026,37.7,7,3,0,0,0.472,0
D02347,HX-8T,4921,32.5,0,0,0,0,0.409,0
D02348,HX-8T,11777,38.2,0,0,0,0,0.246,0
D02349,SG-16T,38113,33.9,0,0,0,0,0.143,0
D02350,HX-12T,22989,31.4,0,0,0,0,0.183,0
D02351,SG-16T,45571,36.0,0,0,0,0,0.435,0
D02352,SG-16T,37251,37.3,0,0,0,0,0.082,0
D02353,HX-12T,41187,31.7,0,0,0,0,0.125,0
D02354,SG-16T,10831,29.6,0,0,0,0,0.107,0
D02355,SG-16T,38362,36.5,0,0,0,0,0.114,0
D02356,SG-16T,37203,34.0,0,0,0,0,0.341,0
D02357,SG-16T,28926,27.8,0,0,0,1,0.43,0
D02358,HX-12T,31717,33.3,1,0,0,6,0.245,0
D02359,SG-16T,49729,36.8,0,1,0,0,0.381,0
D02360,SG-16T,31845,31.2,0,0,0,0,0.455,0
D02361,HX-12T,10917,30.7,104,0,0,0,0.497,0
D02362,HX-8T,2127,37.0,0,0,0,0,0.369,0
D02363,SG-16T,46633,33.4,0,0,0,0,0.149,0
D02364,HX-8T,8962,36.9,0,0,0,0,0.165,0
D02365,HX-8T,37600,35.4,0,0,0,0,0.202,0
D02366,HX-12T,9671,37.4,0,0,0,0,0.424,0
D02367,SG-16T,45970,34.1,0,0,0,0,0.343,0
D02368,HX-12T,27196,38.9,0,0,0,0,0.469,0
D02369,HX-8T,19904,33.0,0,0,0,0,0.464,0
D02370,HX-8T,33093,39.3,0,0,0,0,0.366,0
D02371,HX-8T,48858,38.8,0,0,0,0,0.176,0
D02372,SG-16T,9130,26.5,0,0,0,0,0.427,0
D02373,SG-16T,11026,32.4,0,0,0,0,0.306,0
D02374,HX-8T,11157,38.4,0,0,0,0,0.371,0
D02375,HX-12T,7743,37.8,0,0,0,0,0.283,0
D02376,HX-8T,4705,31.4,0,0,0,0,0.555,0
D02377,SG-16T,43108,39.7,0,0,0,0,0.275,0
D02378,HX-12T,20162,36.1,0,0,0,0,0.299,0
D02379,SG-16T,2262,40.7,0,0,0,0,0.305,0
D02380,SG-16T,15986,37.5,0,0,0,0,0.096,0
D02381,SG-16T,35444,38.7,0,0,0,0,0.141,0
D02382,HX-12T,43352,47.0,0,0,0,0,0.083,0
D02383,HX-12T,22064,33.2,0,0,0,0,0.448,0
D02384,SG-16T,9601,36.0,0,0,0,0,0.28,0
D02385,HX-8T,34163,37.4,0,0,0,0,0.213,0
D02386,HX-8T,47865,32.1,0,0,0,0,0.464,0
D02387,SG-16T,2176,30.7,0,0,0,0,0.171,0
D02388,SG-16T,12415,39.9,0,0,0,0,0.564,0
D02389,HX-12T,49498,33.7,0,0,0,0,0.434,0
D02390,HX-8T,32269,39.5,0,0,0,0,0.274,0
D02391,HX-8T,16313,44.0,0,0,0,0,0.202,0
D02392,HX-12T,45705,35.2,0,0,0,0,0.279,0
D02393,HX-8T,36144,33.8,0,0,0,0,0.175,0
D02394,SG-16T,50112,40.1,0,0,0,0,0.342,0
D02395,SG-16T,14257,39.7,0,0,0,6,0.273,0
D02396,SG-16T,28256,34.1,0,0,0,0,0.282,0
D02397,HX-12T,28536,45.6,0,0,0,0,0.193,0
D02398,HX-8T,40993,37.3,0,0,0,0,0.341,0
D02399,HX-12T,40988,42.6,0,0,0,0,0.33,0
D02400,SG-16T,28841,41.5,0,0,0,0,0.479,0
D02401,HX-12T,44961,37.9,0,0,0,0,0.261,0
D02402,HX-8T,15812,29.6,0,0,0,0,0.407,0
D02403,HX-8T,7468,33.7,0,0,0,2,0.581,0
D02404,HX-8T,9287,31.4,0,0,0,0,0.603,0
D02405,HX-8T,40406,35.8,0,0,0,0,0.186,0
D02406,HX-8T,20708,35.5,0,0,0,0,0.289,0
D02407,HX-8T,39011,42.1,0,0,0,0,0.305,0
D02408,SG-16T,46998,34.2,0,0,0,0,0.165,0
D02409,SG-16T,33969,35.5,0,0,0,0,0.162,0
D02410,SG-16T,49292,35.7,0,0,0,0,0.269,0
D02411,SG-16T,31436,37.6,0,0,0,0,0.0,0
D02412,HX-8T,34985,31.1,0,0,0,0,0.155,0
D02413,HX-12T,14543,31.5,0,0,0,0,0.201,0
D02414,SG-16T,16451,31.5,0,0,0,0,0.351,0
D02415,SG-16T,39626,36.7,0,0,0,0,0.202,0
D02416,HX-12T,23535,31.2,12,0,0,0,0.581,0
D02417,HX-8T,40710,35.5,0,0,0,0,0.198,0
D02418,HX-12T,29182,34.6,68,14,4,11,0.811,1
D02419,HX-8T,34749,37.0,0,0,0,0,0.232,0
D02420,HX-8T,51382,38.8,0,0,0,0,0.323,0
D02421,HX-8T,37509,34.2,0,0,0,0,0.16,0
D02422,HX-12T,18310,30.9,0,0,0,0,0.33,0
D02423,HX-8T,18071,35.2,0,1,1,0,0.8,0
D02424,HX-12T,5411,31.6,0,0,0,0,0.178,0
D02425,SG-16T,31235,31.7,0,0,0,0,0.204,0
D02426,SG-16T,35802,40.0,9,0,5,0,0.605,0
D02427,SG-16T,16658,39.7,0,0,0,0,0.575,0
D02428,SG-16T,38700,32.5,0,0,0,0,0.269,0
D02429,SG-16T,41931,32.8,0,0,0,0,0.281,0
D02430,HX-8T,18878,36.9,0,0,0,0,0.32,0
D02431,HX-12T,50941,36.3,0,0,0,0,0.143,0
D02432,HX-12T,9146,32.9,0,0,0,0,0.298,0
D02433,HX-12T,49424,29.0,0,0,0,0,0.036,0
D02434,SG-16T,41404,35.7,0,0,0,0,0.356,0
D02435,HX-12T,34164,34.5,0,0,0,4,0.531,0
D02436,HX-8T,5864,24.8,0,0,0,0,0.123,0
D02437,SG-16T,45806,31.9,0,0,0,0,0.485,0
D02438,HX-12T,27363,37.3,0,0,0,0,0.198,0
D02439,HX-12T,21871,38.6,0,0,0,0,0.391,0
D02440,HX-12T,6553,34.1,0,0,0,0,0.219,0
D02441,SG-16T,5960,38.4,6,0,0,0,0.0,0
D02442,HX-12T,22892,38.5,0,0,0,0,0.352,0
D02443,SG-16T,51708,30.5,0,0,0,0,0.144,0
D02444,HX-12T,47693,36.6,0,0,0,0,0.407,0
D02445,SG-16T,48084,36.9,0,0,0,0,0.427,0
D02446,SG-16T,15110,29.2,0,0,0,2,0.325,0
D02447,SG-16T,6209,38.8,0,0,0,0,0.278,0
D02448,HX-12T,28136,35.3,0,0,0,0,0.156,0
D02449,HX-8T,23409,42.2,0,0,0,0,0.157,0
D02450,HX-12T,21690,36.2,0,0,0,0,0.379,0
D02451,SG-16T,7553,36.7,0,0,0,0,0.158,0
D02452,HX-12T,22391,34.6,0,0,0,0,0.346,0
D02453,HX-8T,27965,36.0,0,0,0,3,0.0,0
D02454,SG-16T,47689,35.5,0,0,0,0,0.282,0
D02455,SG-16T,15617,33.6,0,0,0,0,0.255,0
D02456,SG-16T,27009,39.9,0,0,0,0,0.145,0
D02457,SG-16T,34957,32.9,0,0,0,0,0.295,0
D02458,HX-12T,28420,37.2,0,0,0,0,0.492,0
D02459,SG-16T,12972,36.8,0,0,0,0,0.237,0
D02460,HX-12T,19185,29.8,0,0,0,0,0.0,0
D02461,HX-8T,8063,36.3,0,0,0,2,0.219,0
D02462,SG-16T,22819,29.1,0,0,0,1,0.204,0
D02463,HX-8T,37792,38.2,0,0,0,0,0.367,0
D02464,SG-16T,19911,39.2,0,0,0,0,0.393,0
D02465,HX-8T,42329,35.3,0,0,0,0,0.059,0
D02466,HX-12T,36366,30.2,0,0,0,0,0.24,0
D02467,HX-8T,46708,33.5,0,0,0,0,0.385,0
D02468,HX-12T,49917,35.9,0,0,0,0,0.349,0
D02469,SG-16T,32850,34.3,0,0,0,15,0.044,0
D02470,SG-16T,48247,31.8,0,0,0,0,0.336,0
D02471,SG-16T,44390,36.6,0,0,0,0,0.268,0
D02472,HX-12T,40235,42.3,0,0,0,0,0.358,0
D02473,HX-12T,2768,35.6,0,0,0,0,0.196,0
D02474,HX-8T,27544,35.8,0,0,0,0,0.306,0
D02475,SG-16T,6891,31.8,0,0,0,0,0.0,0
D02476,SG-16T,5360,28.1,0,0,0,0,0.433,0
D02477,HX-8T,3363,39.2,0,0,0,0,0.067,0
D02478,SG-16T,6707,29.0,0,0,0,0,0.478,0
D02479,SG-16T,12344,32.9,0,0,0,0,0.324,0
D02480,HX-8T,17527,42.4,0,0,0,0,0.092,0
D02481,HX-12T,32629,34.1,0,0,0,0,0.322,0
D02482,HX-8T,41191,33.7,0,0,0,0,0.373,0
D02483,HX-8T,10511,35.0,0,3,0,0,0.585,0
D02484,HX-8T,51311,32.4,0,0,0,0,0.246,0
D02485,HX-12T,30446,37.6,0,0,0,0,0.375,1
D02486,SG-16T,16680,32.5,0,0,0,0,0.44,0
D02487,SG-16T,44965,37.9,0,0,0,0,0.146,0
D02488,HX-12T,42627,36.2,4,0,0,0,0.368,0
D02489,HX-12T,6362,36.8,0,0,0,1,0.336,0
D02490,HX-8T,19540,34.0,0,0,0,0,0.506,0
D02491,HX-8T,51509,38.1,0,0,0,0,0.436,1
D02492,HX-8T,39810,24.4,0,0,0,0,0.403,0
D02493,SG-16T,27852,42.0,0,0,0,3,0.252,0
D02494,SG-16T,7974,35.8,0,0,0,0,0.337,0
D02495,SG-16T,50704,39.7,0,0,0,0,0.425,0
D02496,SG-16T,51100,39.0,0,0,0,0,0.281,0
D02497,SG-16T,44233,36.1,0,0,0,0,0.391,0
D02498,HX-12T,31817,44.5,0,0,0,0,0.098,0
D02499,HX-12T,42696,37.4,0,0,0,0,0.357,0
D02500,HX-12T,39114,40.8,0,0,0,0,0.174,0
D02501,HX-8T,15989,36.6,0,0,0,0,0.495,0
D02502,SG-16T,9632,39.2,0,0,0,0,0.207,0
D02503,SG-16T,2819,33.1,0,0,0,0,0.337,0
D02504,SG-16T,2664,34.3,0,0,0,1,0.274,0
D02505,HX-12T,26180,35.2,0,0,0,0,0.405,0
D02506,HX-12T,47304,37.2,0,0,0,0,0.474,0
D02507,HX-12T,49568,47.2,0,0,0,0,0.509,0
D02508,HX-12T,4641,30.6,0,0,0,0,0.289,0
D02509,HX-12T,10735,35.3,0,0,0,0,0.385,0
D02510,HX-8T,36883,33.0,0,0,0,0,0.383,0
D02511,HX-12T,24614,40.5,0,0,0,0,0.457,0
D02512,HX-8T,41219,36.6,0,0,0,0,0.278,0
D02513,SG-16T,32195,30.7,0,0,0,0,0.0,1
D02514,HX-8T,51082,33.9,0,0,0,0,0.356,0
D02515,HX-8T,29714,38.2,0,0,0,0,0.321,0
D02516,HX-8T,4655,38.3,18,1,0,0,0.647,0
D02517,HX-8T,8348,32.0,0,0,0,0,0.275,0
D02518,HX-12T,20947,35.6,2,0,0,0,0.454,0
D02519,HX-12T,39827,40.8,0,0,0,0,0.322,0
D02520,SG-16T,11701,38.3,0,0,0,0,0.235,0
D02521,HX-8T,42162,39.5,0,0,0,0,0.454,0
D02522,HX-8T,3245,37.2,0,0,0,0,0.477,0
D02523,SG-16T,13080,32.8,0,0,0,0,0.196,0
D02524,HX-8T,29963,35.3,13,20,0,0,0.675,0
D02525,SG-16T,9052,30.3,0,0,0,0,0.608,0
D02526,HX-8T,24928,35.3,0,0,0,0,0.499,0
D02527,HX-8T,3830,31.3,0,0,0,0,0.257,0
D02528,SG-16T,47124,32.5,0,0,0,0,0.333,0
D02529,HX-8T,1793,43.4,0,0,0,0,0.156,0
D02530,HX-12T,7220,39.7,0,1,0,0,0.214,0
D02531,HX-12T,20241,38.6,0,0,0,2,0.319,0
D02532,HX-8T,12508,39.5,0,0,0,0,0.438,0
D02533,SG-16T,44405,41.4,0,0,0,0,0.146,0
D02534,SG-16T,2771,37.1,0,0,0,0,0.022,0
D02535,HX-8T,42562,27.8,0,0,0,0,0.606,0
D02536,HX-12T,6339,40.2,0,0,0,0,0.217,0
D02537,HX-12T,35099,35.7,0,0,0,0,0.456,0
D02538,HX-8T,29255,44.8,0,0,0,0,0.398,0
D02539,HX-8T,31200,30.7,3,0,0,0,0.274,0
D02540,HX-12T,46216,39.1,0,0,0,0,0.242,0
D02541,SG-16T,9542,31.8,0,0,0,0,0.166,0
D02542,HX-8T,4298,34.2,0,0,0,3,0.321,0
D02543,HX-12T,14216,39.7,0,0,0,2,0.755,0
D02544,HX-8T,21162,40.0,0,0,0,0,0.147,0
D02545,HX-12T,42633,31.2,7,0,0,0,0.151,0
D02546,HX-8T,40902,31.6,0,0,0,0,0.311,0
D02547,SG-16T,32449,43.4,0,0,0,0,0.239,0
D02548,SG-16T,38524,31.1,0,0,0,0,0.201,0
D02549,HX-12T,49616,37.8,0,0,0,0,0.248,0
D02550,HX-12T,23981,42.8,3,2,1,0,0.59,0
D02551,HX-8T,49629,41.8,0,0,0,0,0.48,0
D02552,HX-8T,29724,34.5,0,0,0,0,0.373,0
D02553,HX-8T,41507,41.1,0,0,0,0,0.429,0
D02554,SG-16T,17278,36.1,5,0,0,0,0.381,0
D02555,HX-8T,14752,33.8,0,0,0,0,0.013,0
D02556,SG-16T,42790,33.1,18,0,0,0,0.532,0
D02557,HX-8T,18604,35.8,0,0,0,0,0.425,0
D02558,HX-12T,26001,29.4,0,0,0,0,0.362,0
D02559,HX-12T,15293,36.5,0,0,0,0,0.14,0
D02560,SG-16T,35757,32.5,54,2,1,0,0.592,0
D02561,SG-16T,4527,39.1,8,8,0,0,0.792,0
D02562,HX-8T,24435,35.2,0,0,0,0,0.03,0
D02563,SG-16T,22762,28.4,0,1,0,0,0.343,0
D02564,HX-12T,22242,38.5,0,0,0,0,0.226,0
D02565,SG-16T,3340,36.8,0,0,0,0,0.218,0
D02566,HX-8T,23763,30.2,0,0,0,0,0.253,0
D02567,HX-8T,4602,37.9,0,0,0,0,0.124,0
D02568,HX-12T,45329,36.6,0,0,0,0,0.263,0
D02569,HX-12T,34155,35.2,7,0,0,0,0.232,0
D02570,SG-16T,41544,30.0,0,0,0,0,0.513,0
D02571,HX-8T,5918,38.5,0,0,0,0,0.28,0
D02572,SG-16T,17445,44.3,0,0,0,0,0.178,0
D02573,HX-8T,25265,37.5,0,0,0,0,0.328,0
D02574,HX-8T,42645,37.3,0,0,0,0,0.284,0
D02575,HX-12T,49227,32.7,0,0,0,0,0.354,0
D02576,HX-12T,14809,39.5,0,0,0,6,0.302,0
D02577,SG-16T,1076,38.1,0,0,0,0,0.204,0
D02578,SG-16T,30716,28.8,0,0,0,0,0.077,0
D02579,SG-16T,23223,39.4,0,0,0,1,0.274,0
D02580,HX-12T,12867,38.4,0,0,0,0,0.611,0
D02581,HX-12T,29447,33.6,100,5,0,0,0.549,0
D02582,SG-16T,35162,37.6,0,0,0,0,0.279,0
D02583,SG-16T,39099,37.1,0,0,0,0,0.562,0
D02584,SG-16T,46175,35.1,0,0,0,0,0.085,0
D02585,HX-8T,15651,40.9,0,1,0,0,0.46,0
D02586,SG-16T,7381,37.1,0,0,0,0,0.249,0
D02587,HX-12T,49712,41.3,8,0,0,0,0.282,0
D02588,SG-16T,45043,30.8,0,0,0,0,0.254,0
D02589,SG-16T,19129,36.1,0,0,0,0,0.225,0
D02590,SG-16T,21864,39.4,0,0,0,0,0.312,0
D02591,HX-8T,29343,37.3,0,0,0,0,0.601,0
D02592,HX-12T,49946,35.4,0,0,0,0,0.225,0
D02593,HX-12T,25938,35.0,0,0,0,2,0.419,0
D02594,HX-8T,48194,38.6,0,0,0,0,0.585,0
D02595,SG-16T,26576,40.8,0,0,0,0,0.302,0
D02596,HX-12T,40165,42.0,0,0,0,2,0.328,0
D02597,SG-16T,28208,33.8,0,0,0,0,0.316,0
D02598,HX-12T,11254,37.5,15,0,0,0,0.438,0
D02599,HX-12T,39749,31.1,0,0,0,0,0.633,0
D02600,SG-16T,24712,44.3,0,0,0,0,0.334,0
D02601,HX-12T,41599,42.6,0,0,0,0,0.375,0
D02602,HX-12T,29730,38.7,4,0,0,0,0.393,1
D02603,SG-16T,29871,36.5,0,0,0,0,0.0,0
D02604,SG-16T,12115,37.1,0,0,0,0,0.722,0
D02605,HX-12T,15402,33.1,0,0,0,0,0.192,0
D02606,HX-8T,34825,32.1,0,0,0,0,0.211,0
D02607,HX-12T,11720,39.3,0,0,0,0,0.301,0
D02608,SG-16T,48105,36.2,0,0,0,0,0.478,0
D02609,HX-12T,8263,44.8,0,0,0,0,0.41,0
D02610,HX-12T,18802,33.7,7,10,0,0,0.622,1
D02611,HX-8T,18316,35.4,0,0,0,1,0.514,0
D02612,HX-12T,3980,36.2,0,0,0,0,0.172,0
D02613,HX-12T,14450,34.3,2,1,0,0,0.32,0
D02614,SG-16T,15444,39.4,0,0,0,0,0.564,0
D02615,SG-16T,31390,38.2,0,0,0,0,0.47,0
D02616,HX-8T,18581,32.8,0,0,0,0,0.168,0
D02617,HX-12T,50710,40.5,0,0,0,0,0.345,0
D02618,SG-16T,11275,28.8,0,0,0,0,0.349,0
D02619,HX-8T,9208,34.6,0,0,0,0,0.249,0
D02620,HX-8T,45646,41.0,0,0,0,0,0.288,0
D02621,HX-8T,8353,38.6,0,0,0,0,0.0,0
D02622,SG-16T,18488,38.9,0,0,0,0,0.257,0
D02623,SG-16T,36656,41.1,0,0,0,0,0.292,0
D02624,HX-8T,29617,32.9,0,0,0,0,0.286,0
D02625,HX-8T,30454,37.6,0,0,0,0,0.484,0
D02626,HX-8T,37316,36.2,0,0,0,0,0.206,0
D02627,SG-16T,50084,34.7,0,0,0,0,0.238,0
D02628,SG-16T,48915,39.7,0,0,0,1,0.39,0
D02629,HX-8T,33853,36.7,0,0,0,7,0.241,0
D02630,SG-16T,41796,32.6,0,0,0,0,0.396,0
D02631,HX-12T,25789,34.1,0,0,0,0,0.161,0
D02632,HX-8T,33019,30.4,0,0,0,0,0.511,0
D02633,HX-8T,15038,38.1,0,0,0,0,0.417,0
D02634,HX-8T,39662,29.1,0,0,0,0,0.07,0
D02635,HX-8T,24138,35.9,0,0,0,0,0.238,0
D02636,SG-16T,5896,35.1,0,0,0,0,0.433,0
D02637,SG-16T,39245,36.2,0,0,0,0,0.332,0
D02638,HX-12T,26802,36.8,0,0,0,0,0.679,0
D02639,HX-8T,32969,33.8,0,0,0,0,0.328,0
D02640,SG-16T,32447,31.4,0,0,0,0,0.443,0
D02641,HX-8T,33123,41.8,0,0,0,0,0.132,0
D02642,SG-16T,38637,36.1,0,0,0,0,0.316,0
D02643,HX-12T,12908,36.8,0,0,0,0,0.225,0
D02644,SG-16T,14714,30.3,0,0,0,0,0.381,0
D02645,SG-16T,14031,37.1,0,0,0,0,0.378,0
D02646,SG-16T,11993,35.8,0,0,0,0,0.31,0
D02647,SG-16T,13478,42.1,0,0,0,0,0.468,0
D02648,SG-16T,22171,28.2,0,0,0,0,0.155,0
D02649,HX-8T,39149,36.4,0,0,0,0,0.474,0
D02650,HX-12T,33239,26.8,0,0,0,0,0.0,0
D02651,SG-16T,9336,31.9,0,1,0,0,0.479,0
D02652,HX-12T,47458,35.5,0,0,0,9,0.228,0
D02653,HX-12T,39424,31.2,0,0,0,3,0.367,0
D02654,HX-12T,50891,42.9,0,0,0,0,0.107,0
D02655,SG-16T,30403,40.4,0,0,0,0,0.476,0
D02656,HX-8T,50351,33.3,0,0,0,0,0.127,0
D02657,SG-16T,24828,40.9,0,0,0,0,0.519,0
D02658,HX-12T,40991,30.4,0,0,0,0,0.384,0
D02659,SG-16T,51757,33.7,0,0,0,0,0.168,0
D02660,HX-8T,33327,36.8,0,0,0,0,0.488,0
D02661,SG-16T,28095,37.3,0,0,0,0,0.285,0
D02662,HX-12T,12595,36.9,0,0,0,0,0.292,0
D02663,HX-8T,21375,41.4,0,0,0,0,0.351,0
D02664,HX-12T,7931,35.7,1,0,0,0,0.259,0
D02665,SG-16T,25023,38.5,0,0,0,7,0.178,0
D02666,SG-16T,3852,40.6,0,0,0,0,0.278,0
D02667,SG-16T,15044,31.6,0,0,0,0,0.384,0
D02668,SG-16T,45157,37.6,0,0,0,0,0.273,0
D02669,HX-8T,2656,38.8,0,0,0,1,0.056,0
D02670,HX-8T,17723,36.3,0,0,0,0,0.16,0
D02671,HX-8T,28190,46.0,0,0,0,0,0.128,0
D02672,HX-12T,31265,34.8,0,0,0,0,0.265,0
D02673,SG-16T,51582,34.5,0,0,0,0,0.447,0
D02674,HX-12T,37655,34.9,0,0,0,0,0.0,0
D02675,HX-12T,49673,37.4,0,0,0,0,0.041,0
D02676,SG-16T,5223,28.2,0,0,0,0,0.369,0
D02677,HX-12T,35685,35.6,0,0,0,0,0.202,0
D02678,SG-16T,7269,33.7,0,0,0,0,0.36,0
D02679,HX-12T,522,39.9,0,0,0,0,0.434,0
D02680,HX-8T,32009,38.5,0,0,0,0,0.0,0
D02681,HX-8T,15261,35.4,0,0,0,0,0.122,0
D02682,HX-8T,29428,34.5,0,0,0,0,0.343,0
D02683,HX-12T,7241,37.4,1,0,0,0,0.424,0
D02684,SG-16T,5946,37.4,0,0,0,0,0.188,0
D02685,SG-16T,9995,32.1,0,0,0,0,0.211,0
D02686,HX-12T,46267,42.8,0,0,0,0,0.167,0
D02687,HX-12T,19428,34.5,0,0,0,0,0.514,0
D02688,SG-16T,43909,36.2,0,0,0,0,0.302,0
D02689,SG-16T,1902,31.3,0,0,0,0,0.363,0
D02690,HX-8T,51612,36.1,0,0,0,0,0.259,0
D02691,HX-12T,29583,33.7,14,0,0,0,0.668,0
D02692,HX-12T,30524,36.7,0,0,0,0,0.438,0
D02693,SG-16T,51074,35.5,0,0,0,0,0.351,0
D02694,HX-8T,28523,44.8,0,0,0,0,0.206,0
D02695,HX-8T,3962,32.4,2,0,0,0,0.099,0
D02696,HX-8T,41440,38.0,0,0,0,0,0.136,0
D02697,HX-8T,48753,44.4,1,0,0,0,0.386,0
D02698,HX-12T,14363,35.8,0,0,0,0,0.131,0
D02699,HX-8T,24903,31.4,0,0,0,0,0.361,0
D02700,SG-16T,15625,38.7,0,0,0,0,0.268,0
D02701,SG-16T,27702,35.9,0,0,0,0,0.355,0
D02702,SG-16T,8332,36.1,0,0,0,0,0.169,0
D02703,HX-12T,38317,38.8,0,0,0,0,0.295,0
D02704,HX-8T,17612,41.5,0,0,0,0,0.457,0
D02705,SG-16T,3759,34.5,0,0,0,0,0.412,0
D02706,HX-8T,5065,32.3,0,0,0,0,0.287,0
D02707,HX-12T,15507,44.2,0,0,0,0,0.266,0
D02708,SG-16T,51617,36.5,0,0,0,0,0.265,0
D02709,SG-16T,45938,43.2,6,0,0,0,0.104,0
D02710,SG-16T,31867,31.3,0,0,0,0,0.49,0
D02711,SG-16T,2101,37.4,0,0,0,0,0.183,0
D02712,HX-8T,16973,38.3,0,0,0,6,0.268,0
D02713,SG-16T,36933,36.5,0,0,0,3,0.326,0
D02714,HX-8T,50193,38.1,0,0,0,0,0.439,0
D02715,HX-12T,43650,35.1,0,0,0,0,0.465,0
D02716,SG-16T,37594,40.0,0,0,0,0,0.13,0
D02717,SG-16T,49258,34.8,0,0,0,0,0.103,0
D02718,HX-8T,43891,36.3,0,0,0,0,0.363,0
D02719,HX-12T,17164,33.4,0,0,0,0,0.236,0
D02720,HX-12T,50940,37.0,0,0,0,0,0.312,0
D02721,HX-12T,15872,29.2,0,0,0,0,0.333,0
D02722,HX-8T,21879,30.6,0,0,0,0,0.536,0
D02723,HX-12T,45320,43.8,0,0,0,0,0.295,0
D02724,SG-16T,27990,39.2,2,0,0,0,0.394,0
D02725,SG-16T,14485,41.4,0,0,0,0,0.265,0
D02726,HX-12T,20657,36.6,0,0,0,0,0.059,0
D02727,HX-12T,51795,41.4,0,0,0,0,0.462,0
D02728,HX-8T,24964,37.0,0,0,0,0,0.353,0
D02729,HX-12T,4526,36.0,0,0,0,0,0.424,0
D02730,SG-16T,22226,38.6,1,0,0,0,0.351,0
D02731,SG-16T,43455,38.0,0,0,0,0,0.327,0
D02732,HX-8T,42120,39.8,0,0,0,0,0.407,0
D02733,HX-8T,47110,34.4,0,0,0,0,0.209,0
D02734,HX-8T,44428,40.1,0,0,0,0,0.39,0
D02735,HX-8T,35938,44.7,0,0,0,0,0.016,0
D02736,HX-12T,1338,31.5,0,0,0,0,0.445,0
D02737,HX-8T,32775,37.8,0,0,0,0,0.115,0
D02738,SG-16T,43528,28.1,0,0,0,0,0.471,0
D02739,HX-12T,28356,32.1,0,0,0,0,0.504,0
D02740,SG-16T,9523,36.6,0,0,0,0,0.121,0
D02741,HX-12T,31519,41.0,0,0,0,0,0.52,0
D02742,HX-12T,25475,33.0,0,0,0,0,0.251,0
D02743,HX-8T,31317,38.3,0,0,0,0,0.319,0
D02744,HX-12T,30142,38.2,0,0,0,0,0.581,0
D02745,HX-8T,12154,39.8,0,0,0,0,0.148,0
D02746,HX-8T,41181,40.6,0,0,0,0,0.33,0
D02747,HX-8T,44474,28.1,0,0,0,0,0.262,0
D02748,HX-12T,24392,36.5,0,0,0,4,0.374,0
D02749,HX-8T,7338,30.3,0,0,0,0,0.364,0
D02750,SG-16T,10195,41.3,0,0,0,0,0.141,0
D02751,HX-8T,24368,40.8,0,0,0,0,0.352,0
D02752,HX-12T,40343,37.6,0,0,0,0,0.104,0
D02753,HX-8T,46686,33.1,0,0,0,0,0.366,0
D02754,SG-16T,26326,37.6,0,1,0,0,0.1,0
D02755,HX-12T,34018,40.8,0,0,0,0,0.237,0
D02756,SG-16T,1065,39.3,0,0,0,0,0.526,0
D02757,HX-8T,30384,41.2,0,0,0,0,0.178,0
D02758,HX-12T,36885,30.7,0,0,0,0,0.198,0
D02759,HX-8T,20899,35.5,0,0,0,0,0.163,0
D02760,HX-8T,10249,39.3,0,0,0,0,0.159,0
D02761,SG-16T,27389,31.6,44,9,0,26,0.507,0
D02762,HX-12T,28926,41.6,0,0,0,0,0.399,0
D02763,HX-8T,47571,31.6,0,0,0,0,0.0,0
D02764,HX-12T,48710,37.4,0,0,0,0,0.352,0
D02765,SG-16T,51779,34.6,0,0,0,0,0.128,0
D02766,HX-12T,35845,35.7,0,0,0,0,0.043,0
D02767,HX-12T,4156,37.0,0,0,0,0,0.528,0
D02768,HX-12T,45361,34.0,0,0,0,0,0.266,0
D02769,HX-8T,43514,26.0,0,0,0,9,0.311,0
D02770,HX-8T,42651,39.9,0,0,0,0,0.385,0
D02771,SG-16T,11741,43.6,0,0,0,0,0.343,0
D02772,HX-8T,27482,33.2,0,0,0,0,0.619,0
D02773,HX-12T,8886,35.3,0,0,0,0,0.52,0
D02774,SG-16T,31893,37.5,0,0,0,0,0.416,1
D02775,SG-16T,7365,36.4,4,0,0,0,0.229,0
D02776,SG-16T,35999,37.4,0,0,0,0,0.38,0
D02777,HX-12T,48302,41.3,0,0,0,0,0.228,0
D02778,SG-16T,29120,46.5,0,0,0,0,0.408,0
D02779,SG-16T,43940,41.2,0,0,0,0,0.0,0
D02780,HX-8T,23158,39.5,0,0,0,0,0.548,0
D02781,SG-16T,22185,29.7,66,8,3,0,0.445,1
D02782,SG-16T,15305,33.7,0,0,0,0,0.24,0
D02783,HX-8T,14878,40.7,86,0,0,0,0.408,0
D02784,SG-16T,17214,35.7,0,0,0,0,0.581,0
D02785,HX-12T,28582,37.3,0,0,0,0,0.623,0
D02786,HX-8T,37990,32.8,0,0,0,0,0.276,0
D02787,SG-16T,34479,39.9,0,0,0,0,0.169,0
D02788,SG-16T,22586,41.5,0,0,0,5,0.383,0
D02789,HX-8T,29009,33.6,0,0,0,0,0.42,0
D02790,HX-12T,37842,38.7,0,0,0,0,0.422,0
D02791,HX-8T,23378,33.4,0,0,0,0,0.192,0
D02792,HX-12T,24294,35.7,0,0,0,0,0.073,0
D02793,HX-12T,34658,35.2,0,0,0,0,0.284,0
D02794,SG-16T,29931,42.4,0,0,0,0,0.016,0
D02795,HX-12T,5328,37.8,0,0,0,0,0.267,0
D02796,HX-8T,32024,32.9,0,0,0,0,0.417,0
D02797,SG-16T,26192,36.6,0,0,0,0,0.542,0
D02798,HX-12T,47611,37.9,0,0,0,0,0.231,0
D02799,HX-8T,44243,33.3,0,0,0,0,0.281,0
D02800,SG-16T,11107,35.9,0,0,0,0,0.008,0
D02801,SG-16T,34996,32.8,0,0,0,0,0.0,0
D02802,HX-8T,43165,36.3,0,0,0,0,0.246,0
D02803,HX-12T,39375,38.9,0,0,0,0,0.438,0
D02804,HX-12T,11708,29.3,2,0,0,0,0.477,0
D02805,HX-12T,2284,37.4,56,6,0,0,0.588,0
D02806,HX-8T,17097,38.8,0,0,0,0,0.281,0
D02807,HX-8T,27049,35.2,0,0,0,0,0.06,0
D02808,HX-12T,44546,33.9,0,0,0,0,0.199,0
D02809,HX-8T,12729,34.6,3,6,0,0,0.729,1
D02810,HX-8T,30050,27.9,0,0,0,0,0.015,0
D02811,SG-16T,51879,30.7,0,0,0,0,0.333,0
D02812,HX-12T,10594,35.3,0,0,0,0,0.401,0
D02813,SG-16T,38854,32.6,0,0,0,0,0.337,0
D02814,HX-8T,45128,32.3,0,0,0,0,0.377,0
D02815,HX-12T,21956,36.4,0,0,0,0,0.289,0
D02816,HX-12T,14685,33.8,0,0,0,0,0.275,0
D02817,HX-12T,47044,39.9,0,0,0,0,0.237,0
D02818,HX-12T,15564,42.7,0,0,0,0,0.299,0
D02819,SG-16T,28616,32.4,0,0,0,0,0.239,0
D02820,HX-8T,25185,36.8,0,0,0,0,0.426,0
D02821,SG-16T,14972,40.7,0,0,0,0,0.178,0
D02822,SG-16T,22434,33.9,0,0,0,0,0.357,0
D02823,HX-8T,25087,34.3,0,0,0,0,0.249,0
D02824,HX-12T,4692,33.6,0,0,0,0,0.426,0
D02825,SG-16T,25860,40.4,0,0,0,0,0.424,0
D02826,HX-12T,28472,35.7,0,0,0,8,0.268,0
D02827,SG-16T,15306,34.9,0,0,0,0,0.382,0
D02828,HX-12T,24384,38.0,0,0,0,0,0.31,0
D02829,SG-16T,27735,37.8,0,1,0,0,0.467,0
D02830,HX-12T,49962,34.6,0,0,0,0,0.313,0
D02831,SG-16T,8459,41.8,0,0,0,0,0.321,0
D02832,HX-8T,29634,33.5,0,0,0,0,0.215,0
D02833,HX-12T,47061,30.7,2,0,0,0,0.219,0
D02834,HX-12T,44255,39.9,0,0,0,0,0.097,0
D02835,HX-12T,38902,41.5,0,0,0,6,0.29,0
D02836,SG-16T,34763,28.8,0,0,0,0,0.154,0
D02837,SG-16T,13121,29.9,0,0,0,0,0.357,0
D02838,SG-16T,39188,40.1,0,0,0,0,0.087,0
D02839,HX-8T,25872,46.6,0,0,0,0,0.539,0
D02840,HX-12T,14272,42.2,0,0,0,0,0.595,0
D02841,HX-8T,10515,33.9,2,0,0,0,0.082,0
D02842,HX-12T,1899,36.9,0,0,0,0,0.313,0
D02843,HX-8T,51830,27.6,0,0,0,0,0.476,0
D02844,HX-12T,27652,35.7,0,0,0,0,0.136,0
D02845,HX-12T,40891,37.4,0,0,0,0,0.0,0
D02846,HX-8T,22802,36.9,0,0,0,0,0.379,0
D02847,HX-12T,14784,34.3,0,1,0,0,0.347,0
D02848,HX-12T,51555,36.5,0,0,0,0,0.307,0
D02849,SG-16T,20698,37.3,0,0,0,0,0.427,0
D02850,HX-8T,40998,36.6,0,0,0,0,0.129,0
D02851,HX-8T,49199,32.5,0,0,0,0,0.445,0
D02852,SG-16T,28874,35.0,0,0,0,0,0.342,0
D02853,HX-12T,46953,33.1,0,0,0,17,0.244,0
D02854,HX-8T,22754,39.6,0,0,0,0,0.323,1
D02855,HX-12T,17867,37.3,0,0,0,0,0.108,0
D02856,HX-12T,35953,40.1,0,0,0,4,0.299,0
D02857,SG-16T,47154,43.1,55,3,2,0,0.383,0
D02858,HX-8T,3492,31.4,0,0,0,0,0.219,0
D02859,HX-8T,4048,43.0,0,0,0,0,0.31,0
D02860,HX-12T,31815,37.7,0,0,0,0,0.105,0
D02861,SG-16T,30519,35.4,0,0,0,0,0.312,0
D02862,HX-8T,4406,38.7,0,0,0,0,0.438,0
D02863,SG-16T,10537,30.6,0,0,0,0,0.281,0
D02864,HX-8T,3415,32.8,2,0,0,0,0.42,0
D02865,SG-16T,2931,36.0,0,0,0,1,0.078,0
D02866,SG-16T,39550,25.6,0,0,0,0,0.354,0
D02867,HX-12T,2369,34.0,0,0,0,0,0.383,0
D02868,HX-8T,4594,38.1,0,1,0,0,0.505,0
D02869,SG-16T,17252,34.0,0,0,0,0,0.238,0
D02870,HX-12T,43945,34.5,0,0,0,0,0.38,0
D02871,HX-12T,23485,34.7,0,0,0,0,0.301,0
D02872,HX-8T,44829,34.8,0,0,0,6,0.307,0
D02873,SG-16T,10540,36.1,0,0,0,0,0.192,0
D02874,HX-12T,14328,33.8,0,0,0,0,0.582,0
D02875,HX-8T,11628,33.0,0,0,0,0,0.463,0
D02876,HX-12T,22289,38.1,0,0,0,0,0.362,0
D02877,HX-12T,25081,34.6,3,0,0,0,0.19,0
D02878,HX-8T,46260,43.5,0,0,0,0,0.441,0
D02879,SG-16T,26430,31.9,1,4,0,0,0.58,0
D02880,HX-8T,51875,38.0,0,0,0,0,0.244,0
D02881,HX-12T,4574,37.2,0,0,0,0,0.276,0
D02882,SG-16T,37763,34.5,0,0,0,0,0.209,0
D02883,HX-8T,6228,36.4,0,0,0,0,0.317,0
D02884,HX-8T,15286,39.1,0,0,0,0,0.468,0
D02885,HX-12T,47843,36.7,0,0,0,0,0.418,0
D02886,HX-12T,22066,39.5,0,0,0,0,0.164,0
D02887,HX-12T,35826,37.7,0,0,0,0,0.387,0
D02888,HX-8T,6136,36.8,0,0,0,2,0.121,0
D02889,HX-12T,28446,32.8,0,0,0,0,0.19,0
D02890,HX-12T,20198,28.2,0,0,0,0,0.475,0
D02891,HX-12T,36923,32.8,0,0,0,0,0.115,0
D02892,HX-8T,22222,32.1,0,0,0,0,0.224,0
D02893,HX-12T,18295,39.7,0,0,0,0,0.241,0
D02894,HX-12T,51868,36.8,0,0,0,0,0.48,0
D02895,HX-8T,46688,31.7,0,0,0,6,0.579,0
D02896,HX-8T,2494,29.9,0,0,0,0,0.6,0
D02897,HX-8T,22504,40.4,0,0,0,0,0.153,0
D02898,HX-8T,28228,41.0,0,0,0,0,0.154,0
D02899,SG-16T,13088,44.3,0,0,0,0,0.312,0
D02900,HX-12T,6502,39.2,0,0,0,1,0.328,0
D02901,HX-12T,36556,35.0,0,0,0,0,0.206,0
D02902,HX-12T,6582,34.6,0,0,0,0,0.225,0
D02903,SG-16T,49660,33.2,0,0,0,0,0.506,0
D02904,SG-16T,14314,31.7,0,0,0,0,0.273,0
D02905,HX-8T,38487,36.4,0,0,0,0,0.189,0
D02906,HX-12T,22499,43.5,0,0,0,0,0.291,0
D02907,SG-16T,6063,34.9,0,0,0,0,0.153,0
D02908,HX-8T,38056,32.7,0,0,0,0,0.399,0
D02909,HX-8T,10269,37.1,26,0,0,0,0.796,0
D02910,HX-12T,36269,25.0,0,0,0,0,0.35,0
D02911,HX-12T,21105,36.6,0,0,0,0,0.133,0
D02912,SG-16T,20331,29.0,0,0,0,0,0.443,0
D02913,HX-12T,6907,41.0,0,0,0,0,0.288,0
D02914,SG-16T,18872,33.0,0,0,0,0,0.221,0
D02915,HX-8T,50625,31.3,0,0,0,0,0.304,0
D02916,HX-12T,15898,27.2,0,0,0,0,0.227,0
D02917,HX-8T,51869,35.4,0,0,0,0,0.372,0
D02918,SG-16T,22396,34.6,0,0,0,0,0.177,0
D02919,HX-12T,25791,34.4,0,0,0,0,0.067,0
D02920,HX-12T,12626,32.1,0,0,0,0,0.424,0
D02921,SG-16T,45838,42.9,0,0,0,0,0.422,0
D02922,SG-16T,36300,37.4,0,0,0,0,0.475,0
D02923,SG-16T,36003,36.6,0,0,0,0,0.173,0
D02924,SG-16T,10201,38.3,0,0,0,0,0.496,0
D02925,HX-12T,49763,30.9,0,0,0,0,0.214,0
D02926,HX-12T,18986,39.9,0,0,0,0,0.008,0
D02927,HX-12T,15071,32.2,1,0,0,0,0.395,0
D02928,HX-8T,1536,35.5,0,0,0,0,0.29,0
D02929,HX-12T,12034,40.3,0,0,0,0,0.395,0
D02930,HX-12T,34552,38.8,0,0,0,0,0.19,0
D02931,HX-12T,41109,37.0,0,0,0,0,0.25,0
D02932,HX-8T,21050,34.8,0,0,0,0,0.044,0
D02933,HX-8T,5309,34.5,0,0,0,0,0.346,0
D02934,HX-12T,45178,41.5,0,0,0,0,0.48,0
D02935,SG-16T,39689,40.0,0,0,0,11,0.096,0
D02936,HX-12T,35948,34.3,0,0,0,0,0.191,0
D02937,SG-16T,17221,39.9,0,0,0,0,0.348,0
D02938,HX-12T,20241,31.6,0,0,0,0,0.042,0
D02939,HX-12T,6414,40.4,0,0,0,0,0.697,0
D02940,SG-16T,29904,35.3,0,0,0,0,0.233,0
D02941,HX-8T,40187,35.1,0,0,0,0,0.576,0
D02942,HX-12T,13586,33.1,0,0,0,0,0.46,0
D02943,SG-16T,4568,39.2,0,1,0,0,0.204,0
D02944,HX-8T,31917,33.9,0,0,0,0,0.214,0
D02945,HX-12T,44741,44.3,0,0,0,0,0.16,0
D02946,HX-12T,18542,36.4,0,0,0,0,0.069,0
D02947,HX-8T,47027,37.8,0,0,0,0,0.031,0
D02948,SG-16T,40948,36.5,0,0,0,0,0.139,0
D02949,HX-8T,24944,37.1,0,0,0,0,0.321,0
D02950,HX-8T,29892,34.7,0,0,0,0,0.332,0
D02951,HX-8T,24464,33.6,0,0,0,6,0.307,0
D02952,SG-16T,40295,28.7,0,0,0,0,0.466,0
D02953,HX-12T,6365,37.0,0,0,0,0,0.266,0
D02954,HX-8T,18935,35.6,0,0,0,0,0.126,0
D02955,HX-8T,32223,32.5,0,1,0,0,0.188,0
D02956,SG-16T,4852,38.0,25,7,0,0,0.87,0
D02957,HX-12T,30506,33.9,0,0,0,0,0.27,0
D02958,SG-16T,21980,40.3,0,0,0,0,0.23,0
D02959,HX-8T,28147,34.1,0,0,0,0,0.283,0
D02960,HX-8T,37987,35.6,0,0,0,0,0.123,0
D02961,HX-8T,38396,31.8,0,0,0,0,0.235,0
D02962,HX-12T,47499,37.7,0,0,0,0,0.369,0
D02963,HX-8T,18381,33.3,0,0,0,0,0.409,0
D02964,HX-8T,25102,33.4,0,0,0,0,0.283,0
D02965,HX-8T,24725,37.9,0,0,0,0,0.19,0
D02966,SG-16T,41777,35.5,0,0,0,0,0.335,0
D02967,HX-8T,13491,32.7,0,0,0,0,0.563,0
D02968,SG-16T,10132,28.4,0,0,0,0,0.316,0
D02969,HX-8T,49920,31.1,0,0,0,0,0.33,0
D02970,HX-8T,28266,32.5,0,0,0,0,0.377,0
D02971,HX-8T,5344,36.2,0,1,0,0,0.295,0
D02972,HX-8T,16443,36.2,0,0,0,0,0.126,0
D02973,HX-12T,22360,42.5,0,0,0,1,0.435,0
D02974,HX-12T,6501,27.7,0,0,0,0,0.229,0
D02975,HX-12T,43297,32.9,0,0,0,0,0.316,0
D02976,HX-8T,2626,37.4,0,0,0,0,0.443,0
D02977,SG-16T,11877,36.6,0,0,0,0,0.372,0
D02978,HX-8T,17578,33.4,0,0,0,0,0.266,0
D02979,HX-8T,49572,32.5,0,0,0,0,0.242,0
D02980,HX-8T,48162,31.6,0,0,0,0,0.259,0
D02981,SG-16T,38582,31.7,0,0,0,0,0.271,0
D02982,SG-16T,27282,35.0,0,0,0,0,0.238,0
D02983,SG-16T,10390,40.7,0,0,0,0,0.309,0
D02984,SG-16T,15679,40.7,0,0,0,0,0.0,0
D02985,HX-12T,6339,31.4,58,3,0,0,0.636,0
D02986,HX-8T,20473,31.4,0,0,0,0,0.292,0
D02987,HX-8T,32908,29.9,7,0,0,0,0.372,0
D02988,HX-8T,13545,35.9,0,0,0,0,0.243,0
D02989,HX-12T,12113,36.4,0,0,0,0,0.135,0
D02990,SG-16T,11463,38.9,0,0,0,0,0.205,0
D02991,HX-12T,43973,39.1,0,0,0,0,0.455,0
D02992,HX-8T,37628,37.2,0,0,0,0,0.467,0
D02993,HX-12T,49263,31.1,0,0,0,0,0.212,0
D02994,HX-8T,2872,35.0,0,0,0,0,0.239,0
D02995,HX-12T,51773,38.4,0,0,0,0,0.266,0
D02996,SG-16T,35183,35.4,0,0,0,0,0.143,0
D02997,SG-16T,43347,40.5,0,0,0,0,0.188,0
D02998,SG-16T,39736,35.7,0,0,0,0,0.47,0
D02999,HX-12T,35147,36.0,0,0,0,3,0.178,0
D03000,SG-16T,16115,33.0,0,0,0,0,0.548,0
D03001,SG-16T,13820,33.9,0,0,0,0,0.209,0
D03002,HX-12T,24522,41.0,0,0,0,0,0.395,0
D03003,HX-12T,51374,28.3,0,0,0,0,0.426,0
D03004,HX-8T,51503,31.6,0,0,0,0,0.293,0
D03005,SG-16T,37617,34.5,27,7,0,6,0.666,0
D03006,HX-12T,43222,36.2,0,1,0,0,0.407,0
D03007,HX-8T,14130,39.4,0,0,0,0,0.194,0
D03008,HX-12T,43540,42.0,0,0,0,0,0.114,0
D03009,SG-16T,29760,39.8,0,0,0,0,0.419,0
D03010,HX-12T,20551,41.7,0,0,0,6,0.282,0
D03011,HX-12T,31664,38.0,0,0,0,0,0.37,0
D03012,SG-16T,14337,42.4,0,0,0,0,0.367,0
D03013,HX-8T,22083,40.5,0,0,0,0,0.233,0
D03014,HX-12T,42043,36.5,0,0,0,0,0.231,0
D03015,SG-16T,12097,39.2,0,0,0,0,0.286,0
D03016,HX-8T,45206,38.0,0,0,0,0,0.384,0
D03017,HX-8T,4450,38.1,0,0,0,0,0.186,0
D03018,HX-12T,29411,37.5,0,0,0,0,0.403,0
D03019,HX-8T,23655,35.1,0,0,0,0,0.209,0
D03020,SG-16T,36096,33.8,0,0,0,0,0.425,0
D03021,HX-8T,25615,29.2,0,0,0,0,0.214,0
D03022,SG-16T,38870,43.1,0,0,0,0,0.413,0
D03023,SG-16T,28160,37.3,0,0,0,0,0.379,0
D03024,HX-8T,22236,36.9,0,0,0,0,0.042,0
D03025,HX-8T,6859,31.2,0,0,0,0,0.349,0
D03026,HX-8T,25304,38.0,0,0,0,1,0.242,0
D03027,HX-12T,17299,33.8,0,0,0,0,0.0,0
D03028,SG-16T,22624,32.6,0,0,0,0,0.528,0
D03029,HX-8T,44952,29.3,0,0,0,0,0.342,0
D03030,HX-12T,17379,38.5,5,0,0,0,0.388,0
D03031,HX-8T,1936,30.2,0,0,0,0,0.267,0
D03032,HX-8T,15556,38.5,0,0,0,0,0.361,0
D03033,SG-16T,30017,32.2,0,0,0,0,0.305,0
D03034,HX-12T,3824,31.1,0,0,0,0,0.312,0
D03035,HX-12T,33587,38.5,0,0,0,0,0.353,0
D03036,HX-12T,25423,27.4,0,0,0,0,0.71,0
D03037,HX-12T,23533,44.6,0,0,0,0,0.273,0
D03038,SG-16T,36652,41.0,0,0,0,0,0.289,0
D03039,HX-12T,30469,33.2,0,0,0,0,0.223,0
D03040,HX-8T,21485,39.6,0,0,0,0,0.404,0
D03041,HX-8T,41216,33.2,0,0,0,5,0.279,0
D03042,SG-16T,23881,32.1,0,0,0,0,0.446,0
D03043,HX-12T,6231,42.9,0,0,0,0,0.188,0
D03044,HX-12T,15967,37.0,0,0,0,0,0.409,0
D03045,HX-8T,12413,38.4,3,0,0,0,0.314,0
D03046,HX-8T,36057,31.4,0,0,0,0,0.363,0
D03047,SG-16T,4051,29.7,0,0,0,2,0.205,0
D03048,HX-8T,35992,35.6,0,0,0,0,0.088,0
D03049,SG-16T,19477,36.1,0,0,0,0,0.214,0
D03050,HX-8T,16083,41.3,0,0,0,0,0.342,1
D03051,HX-12T,15209,33.7,4,0,0,0,0.359,0
D03052,SG-16T,3860,39.1,0,0,0,0,0.554,0
D03053,SG-16T,23039,40.3,0,0,0,0,0.508,0
D03054,HX-12T,3490,30.8,0,0,0,0,0.188,0
D03055,HX-8T,41032,38.2,0,0,0,0,0.213,0
D03056,HX-8T,14351,32.8,0,0,0,0,0.227,0
D03057,SG-16T,19206,28.6,0,0,0,10,0.361,0
D03058,HX-12T,24221,30.1,0,0,0,0,0.102,0
D03059,HX-12T,48999,32.2,0,0,0,0,0.183,0
D03060,HX-12T,14452,33.8,0,0,0,0,0.273,0
D03061,SG-16T,9145,40.6,0,0,0,0,0.436,0
D03062,HX-8T,36705,41.4,0,0,0,0,0.437,0
D03063,HX-8T,21512,40.0,0,0,0,0,0.217,0
D03064,SG-16T,27841,40.2,0,1,0,0,0.148,0
D03065,HX-8T,34185,30.0,0,0,0,0,0.658,0
D03066,SG-16T,35847,34.6,0,0,0,9,0.211,0
D03067,HX-8T,23322,28.8,0,0,0,0,0.24,0
D03068,SG-16T,32879,33.6,0,0,0,0,0.248,0
D03069,SG-16T,7210,35.3,0,0,0,0,0.289,0
D03070,HX-8T,44133,38.7,0,0,0,6,0.307,0
D03071,HX-12T,18121,36.3,0,0,0,0,0.284,0
D03072,SG-16T,7898,39.0,0,0,0,0,0.475,0
D03073,HX-8T,17974,34.0,0,0,0,0,0.276,0
D03074,HX-12T,37312,32.0,0,0,0,0,0.471,0
D03075,HX-8T,37269,37.7,0,0,0,0,0.233,0
D03076,SG-16T,50213,31.9,0,0,0,0,0.464,0
D03077,HX-8T,2862,37.5,162,1,0,0,0.475,0
D03078,HX-12T,26171,38.9,0,0,0,0,0.422,0
D03079,HX-8T,1697,31.6,0,0,0,0,0.241,0
D03080,SG-16T,49275,32.9,0,0,0,0,0.153,0
D03081,SG-16T,28471,37.9,0,0,0,0,0.228,0
D03082,HX-8T,24399,34.6,0,0,0,0,0.0,0
D03083,HX-12T,18932,34.2,0,0,0,0,0.372,0
D03084,SG-16T,30516,35.0,0,0,0,0,0.216,0
D03085,HX-8T,35079,40.3,0,0,0,0,0.234,0
D03086,SG-16T,37697,37.9,0,0,0,0,0.399,0
D03087,SG-16T,42128,38.4,0,0,0,0,0.179,0
D03088,SG-16T,48480,39.9,0,0,0,0,0.137,0
D03089,HX-12T,50913,34.5,0,0,0,0,0.455,0
D03090,HX-12T,18605,39.1,1,0,0,0,0.431,0
D03091,SG-16T,31048,40.0,0,0,0,3,0.214,0
D03092,HX-12T,10046,38.8,0,0,0,0,0.316,0
D03093,HX-12T,11713,32.6,0,0,0,0,0.342,0
D03094,SG-16T,30488,27.7,0,0,0,0,0.188,0
D03095,HX-8T,16097,39.4,0,0,0,0,0.174,0
D03096,SG-16T,49545,38.6,0,0,0,0,0.434,0
D03097,HX-8T,3568,40.1,0,0,0,0,0.173,0
D03098,HX-8T,517,35.1,0,0,0,0,0.483,0
D03099,SG-16T,9829,28.1,0,0,0,0,0.09,0
D03100,HX-12T,50187,39.3,0,0,0,3,0.436,0
D03101,HX-12T,46882,35.9,0,0,0,0,0.294,0
D03102,SG-16T,45346,34.2,0,0,0,0,0.398,0
D03103,HX-8T,50909,37.6,0,0,0,19,0.183,0
D03104,SG-16T,19666,35.1,6,0,0,0,0.486,0
D03105,HX-8T,20764,40.3,4,0,0,0,0.158,0
D03106,SG-16T,47628,31.1,1,0,0,0,0.597,0
D03107,HX-12T,41899,30.7,0,0,0,0,0.232,0
D03108,HX-8T,33567,38.0,0,0,0,0,0.542,0
D03109,HX-12T,23396,42.8,0,0,0,0,0.373,0
D03110,HX-8T,36810,39.6,0,0,0,0,0.341,1
D03111,SG-16T,1308,32.5,0,0,0,0,0.435,0
D03112,HX-8T,10105,34.6,0,0,0,0,0.396,0
D03113,HX-12T,34509,33.2,0,0,0,0,0.031,0
D03114,HX-8T,40764,27.5,0,0,0,0,0.088,0
D03115,HX-12T,1397,38.4,0,0,0,16,0.23,0
D03116,HX-12T,22876,29.7,0,0,0,0,0.34,0
D03117,SG-16T,14849,36.7,0,0,0,0,0.401,0
D03118,HX-8T,25945,45.9,0,0,0,0,0.458,0
D03119,HX-12T,32816,39.4,0,0,0,0,0.237,0
D03120,HX-12T,21426,41.4,0,0,0,0,0.154,0
D03121,HX-8T,39733,39.5,0,0,0,0,0.479,0
D03122,SG-16T,19049,35.1,0,1,0,0,0.585,0
D03123,SG-16T,39400,38.9,1,0,0,0,0.407,0
D03124,SG-16T,46636,35.7,0,0,0,0,0.135,0
D03125,SG-16T,14660,31.3,0,0,0,0,0.196,0
D03126,SG-16T,28977,34.7,0,0,0,0,0.063,0
D03127,HX-12T,18592,38.8,0,0,0,0,0.0,0
D03128,HX-12T,50634,35.3,0,0,0,0,0.208,0
D03129,HX-8T,19965,45.2,0,0,0,0,0.279,0
D03130,HX-8T,20864,31.0,0,0,0,0,0.418,0
D03131,SG-16T,16058,34.6,0,0,0,0,0.402,0
D03132,SG-16T,47410,40.4,0,0,0,0,0.329,0
D03133,HX-8T,29136,38.9,19,0,13,0,0.732,1
D03134,HX-12T,3251,35.7,0,0,0,0,0.381,0
D03135,SG-16T,707,34.0,0,0,0,0,0.391,0
D03136,SG-16T,6684,40.9,0,0,0,0,0.458,0
D03137,SG-16T,12617,35.6,0,0,0,0,0.176,0
D03138,SG-16T,15871,39.0,0,0,0,0,0.389,0
D03139,HX-8T,3698,33.4,0,0,0,0,0.277,0
D03140,HX-8T,22574,37.2,0,0,0,0,0.362,0
D03141,HX-12T,35434,37.0,0,0,0,0,0.513,0
D03142,SG-16T,17135,34.1,0,0,0,3,0.177,0
D03143,HX-8T,48192,33.1,0,0,0,0,0.07,0
D03144,HX-8T,25754,34.2,0,0,0,0,0.316,0
D03145,SG-16T,19493,42.9,0,0,0,0,0.425,0
D03146,HX-8T,47633,45.7,0,0,0,0,0.248,0
D03147,HX-8T,29253,41.1,0,0,0,0,0.259,0
D03148,HX-8T,33088,34.2,0,0,0,0,0.0,0
D03149,SG-16T,21940,35.6,0,0,0,0,0.149,0
D03150,HX-12T,34198,38.2,12,0,0,0,0.204,0
D03151,HX-12T,6560,40.8,0,0,0,0,0.162,0
D03152,SG-16T,1046,33.3,0,0,0,0,0.11,0
D03153,SG-16T,50062,42.1,0,0,0,0,0.421,0
D03154,HX-8T,38726,47.1,0,0,0,0,0.414,0
D03155,HX-12T,50730,37.6,0,0,0,0,0.335,0
D03156,SG-16T,1510,33.5,0,0,0,0,0.265,0
D03157,HX-12T,16069,31.7,0,0,0,0,0.642,0
D03158,HX-8T,51686,40.4,13,7,0,0,0.448,0
D03159,SG-16T,39924,35.7,0,0,0,0,0.234,0
D03160,HX-8T,40452,37.5,0,0,0,0,0.333,0
D03161,HX-12T,7561,36.2,0,0,0,0,0.125,0
D03162,SG-16T,17092,36.8,0,0,0,0,0.185,0
D03163,SG-16T,978,30.7,0,0,0,0,0.434,0
D03164,HX-12T,24506,39.7,0,0,0,0,0.371,0
D03165,HX-8T,20322,35.7,0,0,0,0,0.349,0
D03166,HX-8T,31422,23.0,0,0,0,0,0.231,0
D03167,HX-8T,11588,27.9,0,0,0,0,0.415,0
D03168,HX-8T,32527,36.7,0,5,3,0,0.515,0
D03169,HX-8T,30626,29.8,0,0,0,0,0.407,0
D03170,HX-12T,5039,34.9,0,0,0,0,0.315,0
D03171,HX-8T,35046,34.2,0,0,0,0,0.159,0
D03172,HX-12T,2231,39.6,124,0,0,0,0.497,0
D03173,HX-12T,48378,37.6,0,0,0,0,0.251,0
D03174,HX-8T,10774,32.6,22,0,0,0,0.291,0
D03175,SG-16T,31517,35.6,0,0,0,0,0.147,0
D03176,SG-16T,45057,38.2,0,0,0,0,0.584,0
D03177,SG-16T,21233,32.2,0,0,0,0,0.642,0
D03178,SG-16T,1559,35.3,0,0,0,0,0.395,0
D03179,SG-16T,15540,40.1,0,0,0,0,0.376,0
D03180,SG-16T,50366,28.0,0,0,0,0,0.243,0
D03181,SG-16T,5700,36.9,0,0,0,0,0.413,0
D03182,HX-8T,30869,40.5,0,0,0,0,0.23,0
D03183,SG-16T,47851,37.9,0,0,0,0,0.332,0
D03184,HX-8T,11653,31.1,0,0,0,6,0.32,0
D03185,HX-8T,49993,38.1,3,0,0,8,0.294,0
D03186,HX-8T,47544,42.9,0,0,0,0,0.257,0
D03187,SG-16T,42781,39.4,0,0,0,0,0.012,0
D03188,SG-16T,24878,37.0,0,0,0,0,0.088,0
D03189,SG-16T,9932,37.8,23,0,0,0,0.45,0
D03190,HX-8T,19062,44.3,0,0,0,0,0.096,0
D03191,HX-8T,35663,32.7,0,0,0,0,0.498,0
D03192,SG-16T,27261,37.5,0,0,0,0,0.205,0
D03193,HX-8T,26772,33.9,0,0,0,0,0.068,0
D03194,HX-8T,6956,34.2,0,0,0,0,0.307,0
D03195,SG-16T,50614,40.2,0,0,0,0,0.516,0
D03196,HX-8T,1872,35.0,0,0,0,0,0.466,0
D03197,SG-16T,17348,37.6,0,0,0,1,0.283,0
D03198,SG-16T,51159,43.8,0,0,0,0,0.38,0
D03199,SG-16T,18629,36.0,0,0,0,0,0.375,0
D03200,SG-16T,8066,36.1,0,0,0,0,0.287,0
D03201,HX-12T,23026,33.5,0,0,0,9,0.322,0
D03202,HX-8T,44304,36.7,0,0,0,0,0.561,0
D03203,HX-12T,12368,36.8,0,0,0,0,0.392,0
D03204,HX-12T,4107,34.1,0,0,0,0,0.507,0
D03205,HX-12T,34113,30.2,0,0,0,0,0.103,0
D03206,HX-12T,26003,35.9,0,0,0,0,0.306,0
D03207,HX-8T,33306,35.1,0,0,0,0,0.435,0
D03208,HX-8T,34088,32.4,10,0,1,0,0.494,0
D03209,SG-16T,12836,34.1,0,0,0,0,0.211,0
D03210,HX-8T,29400,34.7,0,0,0,10,0.499,0
D03211,SG-16T,7138,27.1,0,0,0,0,0.0,0
D03212,HX-8T,37171,39.5,0,0,0,0,0.239,0
D03213,HX-8T,829,36.6,0,0,0,0,0.338,0
D03214,HX-8T,37247,36.2,63,10,3,0,0.489,1
D03215,HX-12T,8411,31.1,0,0,0,0,0.364,0
D03216,HX-12T,48012,37.0,0,0,0,0,0.294,0
D03217,HX-8T,45826,33.4,0,0,0,0,0.402,0
D03218,HX-8T,21258,35.6,0,0,0,0,0.308,0
D03219,HX-8T,39745,36.0,0,0,0,0,0.422,0
D03220,SG-16T,37155,35.9,0,0,0,0,0.276,0
D03221,HX-12T,12340,37.2,0,0,0,0,0.54,0
D03222,HX-8T,25860,31.8,3,0,0,0,0.461,0
D03223,HX-8T,21827,33.6,0,0,0,0,0.45,0
D03224,HX-12T,722,38.2,0,0,0,0,0.139,0
D03225,HX-8T,38176,41.0,0,0,0,0,0.156,0
D03226,HX-8T,27944,32.0,0,0,0,0,0.425,0
D03227,SG-16T,26338,36.7,0,0,0,0,0.335,0
D03228,HX-8T,1370,37.9,2,0,0,0,0.27,0
D03229,HX-8T,44925,35.8,0,0,0,1,0.113,0
D03230,HX-12T,27767,36.3,0,1,0,0,0.091,0
D03231,HX-8T,8682,43.3,0,0,0,0,0.09,0
D03232,SG-16T,4972,37.6,0,0,0,0,0.332,0
D03233,HX-12T,43860,36.1,0,0,0,1,0.483,0
D03234,HX-12T,33703,34.6,0,0,0,0,0.153,0
D03235,SG-16T,18958,40.3,0,0,0,0,0.474,0
D03236,SG-16T,44078,32.1,0,0,0,0,0.384,0
D03237,HX-8T,14457,35.1,0,0,0,0,0.242,0
D03238,HX-8T,10637,26.6,0,0,0,6,0.275,0
D03239,SG-16T,26125,30.6,0,0,0,0,0.283,0
D03240,SG-16T,33091,45.9,0,0,0,0,0.166,0
D03241,SG-16T,45500,31.9,0,0,0,0,0.299,0
D03242,SG-16T,27710,31.3,0,0,0,0,0.343,0
D03243,HX-12T,41838,36.4,0,0,0,0,0.226,0
D03244,HX-8T,30796,32.2,0,0,0,0,0.196,0
D03245,SG-16T,6218,35.2,0,0,0,0,0.403,0
D03246,HX-8T,31053,30.4,0,0,0,0,0.199,0
D03247,HX-12T,48380,40.8,0,0,0,0,0.26,0
D03248,HX-12T,19199,36.8,0,0,0,0,0.172,0
D03249,SG-16T,39343,35.1,0,0,0,0,0.387,0
D03250,HX-12T,27162,34.8,0,0,0,3,0.271,0
D03251,HX-8T,44368,35.1,0,0,0,5,0.458,0
D03252,SG-16T,28864,35.1,0,0,0,0,0.208,0
D03253,HX-8T,49898,38.4,34,3,0,0,0.658,0
D03254,HX-8T,21143,36.3,0,0,0,0,0.181,0
D03255,HX-8T,29737,41.1,0,0,0,0,0.153,1
D03256,HX-12T,11880,29.9,0,0,0,18,0.196,0
D03257,SG-16T,18912,35.1,0,0,0,0,0.424,0
D03258,SG-16T,34016,37.3,0,0,0,0,0.267,0
D03259,HX-8T,26545,31.3,0,0,0,0,0.171,0
D03260,SG-16T,42475,38.6,0,0,0,0,0.221,0
D03261,HX-12T,5430,36.4,0,0,0,0,0.456,0
D03262,SG-16T,18472,31.7,0,0,0,0,0.253,0
D03263,SG-16T,42319,38.1,0,0,0,2,0.191,0
D03264,HX-12T,8795,41.1,0,0,0,10,0.327,0
D03265,SG-16T,47955,33.2,0,0,0,0,0.162,0
D03266,HX-12T,13742,35.8,0,0,0,0,0.061,0
D03267,SG-16T,46942,35.9,0,0,0,18,0.348,0
D03268,SG-16T,5946,34.6,0,0,0,0,0.465,0
D03269,HX-12T,14872,36.0,0,0,0,7,0.496,0
D03270,SG-16T,47375,37.3,0,0,0,0,0.073,0
D03271,SG-16T,40921,40.1,0,0,0,0,0.391,0
D03272,HX-8T,27048,37.9,0,0,0,0,0.171,0
D03273,HX-8T,32375,33.1,0,0,0,0,0.264,0
D03274,HX-12T,42917,39.1,0,0,0,2,0.124,0
D03275,SG-16T,31572,35.2,0,0,0,0,0.319,0
D03276,HX-12T,19556,31.5,0,0,0,0,0.154,0
D03277,HX-12T,8345,46.2,0,0,0,3,0.487,0
D03278,SG-16T,44514,39.2,0,0,0,0,0.276,0
D03279,HX-12T,27404,36.2,0,0,0,0,0.452,0
D03280,HX-8T,37326,29.2,0,0,0,0,0.184,0
D03281,SG-16T,12283,38.9,16,0,0,0,0.626,0
D03282,HX-12T,27257,34.5,0,0,0,0,0.459,0
D03283,HX-12T,42432,33.1,0,0,0,0,0.406,0
D03284,SG-16T,10282,39.8,0,0,0,0,0.228,0
D03285,SG-16T,45275,33.7,0,0,0,0,0.251,0
D03286,HX-12T,37347,31.9,0,1,0,0,0.359,0
D03287,HX-8T,50267,31.8,0,0,0,0,0.229,0
D03288,SG-16T,43598,35.3,0,0,0,2,0.29,0
D03289,HX-12T,10060,38.5,0,0,0,0,0.149,0
D03290,HX-8T,30420,39.4,0,0,0,0,0.17,0
D03291,HX-8T,37671,38.0,1,0,0,0,0.72,0
D03292,HX-8T,18649,32.0,0,0,0,0,0.485,0
D03293,SG-16T,49676,34.9,42,0,0,6,0.56,0
D03294,HX-12T,16874,45.9,0,0,1,0,0.566,0
D03295,SG-16T,40320,43.1,0,0,0,0,0.187,0
D03296,HX-8T,49124,35.6,0,0,0,0,0.309,0
D03297,HX-8T,11659,39.8,0,0,0,0,0.146,0
D03298,HX-12T,44509,30.3,0,0,0,0,0.531,0
D03299,HX-12T,39882,37.6,0,0,0,0,0.372,0
D03300,SG-16T,13233,41.8,0,0,0,0,0.454,0
D03301,SG-16T,49499,40.3,0,0,0,0,0.438,0
D03302,HX-8T,33931,35.9,0,0,0,0,0.26,1
D03303,HX-8T,48289,39.2,0,0,0,0,0.179,0
D03304,HX-8T,46213,33.0,0,14,0,0,0.433,0
D03305,SG-16T,40359,37.5,0,0,0,0,0.267,0
D03306,HX-12T,44014,36.7,0,0,0,0,0.216,0
D03307,HX-8T,2764,40.3,0,0,0,0,0.249,0
D03308,HX-8T,25102,38.7,1,0,0,0,0.305,0
D03309,HX-8T,37449,32.4,0,0,0,0,0.503,0
D03310,HX-12T,42957,37.3,0,0,0,0,0.244,0
D03311,HX-12T,20106,33.1,0,0,0,0,0.271,0
D03312,HX-12T,46761,32.6,0,0,0,0,0.229,0
D03313,HX-8T,22253,40.0,0,0,0,0,0.428,0
D03314,HX-12T,27090,39.3,0,0,0,0,0.306,0
D03315,HX-12T,21221,33.9,0,0,0,0,0.052,0
D03316,HX-8T,4326,35.3,0,0,0,0,0.315,0
D03317,HX-8T,30080,35.3,3,21,0,0,0.724,0
D03318,SG-16T,22555,38.0,1,0,0,0,0.291,0
D03319,HX-12T,46725,36.3,0,0,0,0,0.0,0
D03320,HX-12T,28897,36.8,0,0,0,0,0.182,0
D03321,HX-8T,3559,35.6,0,0,0,0,0.535,0
D03322,SG-16T,21416,34.6,0,0,0,0,0.338,0
D03323,HX-8T,14939,37.9,0,0,0,0,0.264,0
D03324,SG-16T,43097,44.1,0,0,0,0,0.104,0
D03325,HX-12T,47786,34.6,0,1,0,0,0.22,0
D03326,HX-12T,50118,34.3,70,1,0,0,0.895,0
D03327,SG-16T,38623,35.8,0,0,0,0,0.258,0
D03328,SG-16T,47806,37.2,0,0,0,0,0.33,0
D03329,HX-8T,44877,36.7,6,0,0,0,0.192,0
D03330,HX-8T,17162,38.2,0,0,0,17,0.258,0
D03331,HX-8T,9840,34.9,0,0,0,0,0.511,0
D03332,SG-16T,10468,35.7,0,0,0,0,0.0,0
D03333,HX-8T,10315,33.6,0,0,0,0,0.534,0
D03334,HX-8T,51801,36.7,0,0,0,0,0.258,0
D03335,HX-8T,38787,36.3,0,0,0,4,0.304,0
D03336,HX-8T,18659,35.8,0,0,0,0,0.152,0
D03337,HX-8T,45477,40.8,2,0,0,0,0.437,0
D03338,SG-16T,14268,29.7,0,0,0,0,0.248,0
D03339,SG-16T,1798,34.4,0,0,0,0,0.259,0
D03340,HX-8T,15556,39.6,0,0,0,0,0.155,0
D03341,SG-16T,14182,42.2,3,0,0,0,0.233,0
D03342,SG-16T,14963,30.8,0,0,0,0,0.385,0
D03343,SG-16T,13842,36.8,0,0,0,0,0.17,0
D03344,HX-8T,27436,33.1,1,0,0,0,0.332,0
D03345,HX-8T,9554,39.7,0,0,0,0,0.258,0
D03346,HX-12T,5753,35.9,0,0,0,0,0.338,0
D03347,SG-16T,16588,25.7,0,0,0,0,0.185,0
D03348,HX-12T,28257,38.6,149,2,5,1,0.638,1
D03349,HX-12T,22711,23.7,0,0,0,0,0.392,0
D03350,SG-16T,13862,37.5,0,0,0,0,0.272,0
D03351,HX-8T,14531,35.1,0,0,0,10,0.518,0
D03352,HX-12T,12288,37.4,0,0,0,0,0.203,0
D03353,HX-12T,33156,37.9,0,0,0,0,0.272,0
D03354,HX-12T,30718,39.2,0,0,0,4,0.323,0
D03355,HX-12T,39582,39.6,0,0,0,0,0.212,0
D03356,HX-8T,50841,32.5,0,0,0,0,0.175,0
D03357,HX-12T,10221,39.6,0,0,0,0,0.283,0
D03358,SG-16T,14578,30.3,0,0,0,0,0.192,0
D03359,HX-12T,35784,31.1,0,0,0,0,0.452,0
D03360,SG-16T,20447,31.8,0,0,0,0,0.522,0
D03361,HX-12T,27832,37.1,0,0,0,0,0.323,0
D03362,SG-16T,12190,35.8,0,0,0,0,0.334,0
D03363,HX-8T,24406,39.7,0,0,0,0,0.53,0
D03364,HX-12T,51479,40.3,0,0,0,0,0.408,0
D03365,HX-8T,20883,34.9,0,0,0,0,0.175,0
D03366,SG-16T,35752,29.2,0,0,0,0,0.124,0
D03367,HX-12T,33054,27.2,0,0,8,0,0.497,0
D03368,SG-16T,3816,32.9,0,0,0,0,0.321,0
D03369,HX-8T,38428,28.1,0,0,0,0,0.419,0
D03370,SG-16T,49714,38.8,0,0,0,0,0.104,0
D03371,HX-12T,28365,33.5,0,0,0,0,0.345,0
D03372,SG-16T,51093,36.6,0,0,0,2,0.315,0
D03373,HX-8T,3833,41.2,0,0,0,0,0.496,0
D03374,SG-16T,38408,38.1,0,0,0,0,0.223,0
D03375,HX-8T,23621,40.8,0,0,0,0,0.381,0
D03376,SG-16T,22099,37.8,0,1,0,0,0.362,0
D03377,HX-12T,30571,43.0,0,0,0,0,0.163,0
D03378,SG-16T,17585,39.6,0,0,0,0,0.68,0
D03379,HX-12T,29710,42.3,0,0,0,0,0.186,0
D03380,SG-16T,7001,35.2,0,0,0,2,0.554,0
D03381,HX-12T,28664,29.8,64,0,0,0,0.482,0
D03382,HX-8T,38618,34.6,0,0,0,1,0.254,1
D03383,HX-12T,39322,33.1,0,0,0,0,0.383,0
D03384,SG-16T,29411,37.7,0,0,0,0,0.502,0
D03385,HX-8T,44703,41.6,4,1,0,0,0.233,0
D03386,SG-16T,35392,35.5,20,0,0,0,0.773,1
D03387,SG-16T,22003,34.1,0,0,0,0,0.36,0
D03388,HX-12T,33716,43.9,4,0,0,0,0.056,0
D03389,SG-16T,2758,38.3,0,0,0,0,0.181,0
D03390,HX-8T,44231,39.5,44,5,2,0,0.675,1
D03391,SG-16T,23907,39.6,0,0,0,0,0.348,0
D03392,HX-8T,30624,36.2,0,0,0,0,0.124,0
D03393,HX-8T,17425,28.9,0,0,0,0,0.595,0
D03394,HX-12T,24259,35.7,0,0,0,0,0.522,0
D03395,HX-12T,29496,37.5,0,0,0,0,0.0,0
D03396,SG-16T,16748,29.3,0,0,0,0,0.366,0
D03397,SG-16T,16251,36.4,0,0,0,0,0.358,0
D03398,HX-12T,16045,30.5,0,0,0,0,0.527,0
D03399,HX-12T,45449,43.9,0,0,0,0,0.0,0
D03400,HX-12T,42957,41.3,0,0,0,0,0.135,0
D03401,HX-12T,3981,29.8,0,0,0,0,0.639,0
D03402,HX-12T,21860,41.6,0,0,0,0,0.289,0
D03403,HX-8T,39508,34.3,0,0,0,8,0.611,0
D03404,HX-8T,19809,37.1,0,0,0,0,0.283,0
D03405,SG-16T,49469,41.7,0,0,0,0,0.359,0
D03406,SG-16T,33620,27.4,0,0,0,8,0.199,0
D03407,SG-16T,9620,37.9,0,0,0,0,0.163,0
D03408,SG-16T,37528,38.0,0,0,0,0,0.065,0
D03409,HX-8T,22452,35.3,0,0,0,0,0.215,0
D03410,HX-8T,12047,37.2,0,0,0,0,0.415,0
D03411,HX-8T,35994,34.9,0,0,0,0,0.39,0
D03412,SG-16T,21505,34.8,0,0,0,0,0.346,0
D03413,SG-16T,31390,34.7,0,0,0,0,0.313,0
D03414,SG-16T,51965,29.9,0,0,0,0,0.415,0
D03415,SG-16T,50790,32.9,0,0,0,0,0.313,0
D03416,HX-12T,37170,31.3,0,0,0,0,0.018,0
D03417,HX-8T,15068,28.8,6,0,0,0,0.33,0
D03418,HX-12T,44982,36.9,0,0,0,0,0.095,0
D03419,HX-12T,15846,39.5,0,0,0,0,0.179,0
D03420,HX-12T,8773,38.4,0,0,0,0,0.484,0
D03421,SG-16T,42187,40.3,0,0,0,0,0.624,0
D03422,SG-16T,13672,29.8,0,0,0,0,0.475,0
D03423,SG-16T,50181,37.2,0,0,0,0,0.15,0
D03424,SG-16T,45167,37.0,0,0,0,0,0.295,0
D03425,HX-12T,36832,44.1,0,0,0,0,0.003,0
D03426,HX-12T,46802,39.8,0,0,0,0,0.154,0
D03427,SG-16T,14375,34.1,0,0,0,0,0.346,0
D03428,HX-8T,23797,33.8,0,0,0,0,0.029,0
D03429,HX-8T,31201,36.3,0,0,0,0,0.337,0
D03430,HX-12T,38232,31.6,0,0,0,0,0.26,0
D03431,SG-16T,45683,36.9,0,0,0,0,0.209,0
D03432,HX-12T,21571,39.4,0,0,0,0,0.394,0
D03433,SG-16T,21475,30.5,0,0,0,0,0.089,0
D03434,SG-16T,31481,30.3,1,0,0,0,0.561,0
D03435,SG-16T,18386,29.1,0,0,0,1,0.432,0
D03436,HX-8T,11454,30.9,0,0,0,11,0.132,0
D03437,HX-12T,24944,33.7,0,0,0,0,0.243,0
D03438,HX-12T,10541,31.9,0,0,0,14,0.32,0
D03439,SG-16T,1506,40.1,0,0,0,0,0.145,0
D03440,SG-16T,51979,27.5,1,0,0,0,0.457,0
D03441,HX-8T,40288,37.9,0,0,0,0,0.03,0
D03442,HX-8T,29837,39.0,0,0,0,0,0.188,0
D03443,SG-16T,43442,41.6,0,0,0,0,0.315,0
D03444,HX-8T,3092,37.2,0,0,0,0,0.212,0
D03445,SG-16T,24722,37.6,0,0,0,0,0.156,0
D03446,HX-12T,31621,32.0,0,0,0,0,0.411,0
D03447,HX-12T,12587,38.6,0,0,0,0,0.313,0
D03448,HX-8T,19163,37.5,11,6,1,0,0.783,1
D03449,SG-16T,25828,37.8,0,0,0,0,0.296,0
D03450,SG-16T,47264,32.4,0,0,0,0,0.252,0
D03451,HX-8T,44484,36.9,0,0,0,0,0.133,0
D03452,HX-12T,12718,34.8,0,0,0,0,0.221,0
D03453,HX-12T,5612,39.6,0,0,0,0,0.173,0
D03454,HX-12T,7230,33.0,0,0,0,0,0.011,0
D03455,SG-16T,1716,26.3,0,0,0,0,0.215,0
D03456,SG-16T,4140,29.3,0,1,0,0,0.633,0
D03457,SG-16T,17321,40.5,0,0,0,0,0.173,1
D03458,SG-16T,39829,43.6,0,0,0,0,0.487,0
D03459,SG-16T,5207,34.2,0,0,0,0,0.311,0
D03460,SG-16T,2474,30.2,0,0,0,6,0.237,0
D03461,SG-16T,16522,35.0,0,0,0,0,0.221,0
D03462,HX-8T,28177,40.8,0,0,0,2,0.36,0
D03463,SG-16T,25456,38.6,0,0,0,0,0.132,0
D03464,HX-8T,50238,37.9,0,0,0,4,0.0,0
D03465,SG-16T,46904,37.9,0,0,0,0,0.464,0
D03466,SG-16T,27300,40.3,0,0,0,0,0.104,0
D03467,SG-16T,29762,35.0,0,0,0,0,0.347,0
D03468,HX-12T,44379,36.9,0,0,0,0,0.246,0
D03469,SG-16T,17664,36.2,0,0,0,0,0.398,0
D03470,SG-16T,36413,42.3,51,2,5,0,0.815,1
D03471,HX-8T,3039,37.5,0,0,0,0,0.477,0
D03472,HX-12T,3011,26.6,0,0,0,0,0.429,0
D03473,HX-12T,29245,39.1,0,0,0,0,0.308,0
D03474,HX-8T,39144,37.5,0,0,0,0,0.167,0
D03475,SG-16T,3050,24.7,0,0,0,0,0.447,0
D03476,HX-12T,4557,36.9,0,0,0,0,0.195,0
D03477,HX-12T,44586,39.0,0,0,0,0,0.335,0
D03478,HX-8T,21722,31.9,0,0,0,0,0.259,0
D03479,SG-16T,26860,35.9,0,0,0,0,0.276,0
D03480,HX-8T,46583,39.2,0,0,0,0,0.302,0
D03481,SG-16T,15573,41.3,0,0,0,14,0.332,0
D03482,HX-12T,7933,31.4,0,0,0,0,0.251,0
D03483,SG-16T,39186,35.0,0,0,0,0,0.242,0
D03484,SG-16T,44502,35.4,0,0,0,0,0.221,0
D03485,HX-8T,24331,29.4,0,0,0,0,0.17,0
D03486,SG-16T,5151,39.5,4,0,0,0,0.225,0
D03487,HX-12T,3230,37.6,0,0,0,0,0.0,0
D03488,SG-16T,42252,33.0,0,0,0,0,0.221,0
D03489,HX-8T,13794,40.3,0,0,0,0,0.226,0
D03490,SG-16T,33851,31.7,0,0,0,0,0.555,0
D03491,HX-8T,4687,35.1,0,0,0,8,0.134,0
D03492,HX-12T,18306,35.1,0,0,0,0,0.566,0
D03493,SG-16T,46652,33.2,0,0,0,0,0.25,0
D03494,HX-12T,47609,36.9,0,0,0,2,0.271,0
D03495,SG-16T,13624,32.9,0,0,0,9,0.343,0
D03496,SG-16T,49716,40.0,0,0,0,0,0.204,0
D03497,HX-8T,8516,37.0,0,0,0,0,0.45,0
D03498,HX-12T,4808,44.9,0,0,0,0,0.518,0
D03499,HX-12T,42516,30.3,0,0,0,0,0.167,0
D03500,SG-16T,29024,35.9,16,0,0,0,0.4,0
D03501,HX-8T,46619,35.2,0,0,0,0,0.238,0
D03502,HX-12T,17336,36.0,78,0,2,0,0.825,1
D03503,SG-16T,21068,34.1,0,0,0,0,0.396,0
D03504,HX-12T,4680,29.6,0,0,0,0,0.1,0
D03505,SG-16T,11520,35.9,0,0,0,0,0.428,0
D03506,HX-12T,19914,33.3,3,0,0,0,0.428,0
D03507,HX-8T,50096,28.9,0,0,0,0,0.369,0
D03508,SG-16T,25273,33.1,0,0,0,0,0.106,0
D03509,SG-16T,36740,31.3,0,0,0,0,0.196,0
D03510,HX-8T,12659,37.3,0,0,0,0,0.461,0
D03511,HX-12T,46873,36.4,0,0,0,0,0.158,0
D03512,HX-12T,43243,40.0,0,0,0,0,0.353,0
D03513,HX-8T,19653,34.0,0,0,0,0,0.283,0
D03514,SG-16T,39123,27.8,0,0,0,0,0.314,0
D03515,SG-16T,34464,41.7,0,0,0,0,0.043,0
D03516,HX-8T,21155,24.5,1,0,0,0,0.439,0
D03517,SG-16T,11246,33.3,0,0,0,0,0.262,0
D03518,HX-8T,27324,35.3,0,0,0,0,0.287,0
D03519,HX-8T,20526,36.6,0,0,0,2,0.214,0
D03520,HX-8T,45904,33.2,0,0,0,0,0.278,0
D03521,HX-8T,39378,33.3,0,0,0,0,0.276,0
D03522,HX-8T,35287,35.6,0,0,0,0,0.385,0
D03523,SG-16T,18944,31.6,17,3,1,0,0.609,0
D03524,SG-16T,7521,30.9,0,0,0,0,0.052,0
D03525,HX-8T,8464,35.5,6,0,0,0,0.325,0
D03526,SG-16T,13437,35.6,0,0,0,0,0.367,0
D03527,HX-8T,22785,26.2,0,0,0,0,0.366,0
D03528,HX-8T,10389,30.0,0,0,0,0,0.221,0
D03529,HX-8T,20891,34.8,0,0,0,0,0.376,0
D03530,HX-8T,41843,39.2,0,0,0,0,0.346,0
D03531,HX-8T,31629,31.3,0,0,0,0,0.155,0
D03532,SG-16T,42853,33.4,0,0,0,0,0.15,0
D03533,HX-12T,20605,36.4,0,0,0,0,0.3,0
D03534,HX-8T,6304,34.8,0,0,0,0,0.544,0
D03535,HX-8T,24265,28.0,0,0,0,0,0.003,0
D03536,HX-12T,6478,35.9,0,0,0,0,0.495,0
D03537,HX-12T,50281,34.8,0,0,0,0,0.274,0
D03538,HX-12T,36263,33.4,0,0,0,0,0.197,0
D03539,HX-12T,2352,30.5,0,0,0,0,0.249,0
D03540,HX-12T,7682,35.1,0,0,0,0,0.026,0
D03541,HX-8T,12189,34.3,0,0,0,0,0.311,0
D03542,SG-16T,39304,30.9,0,0,0,0,0.332,0
D03543,SG-16T,33511,35.6,0,0,0,4,0.367,0
D03544,HX-8T,6047,38.0,0,1,0,0,0.507,0
D03545,SG-16T,17573,33.5,0,0,0,0,0.34,0
D03546,SG-16T,29330,32.9,0,0,0,0,0.105,0
D03547,HX-12T,47610,33.7,0,0,0,0,0.547,0
D03548,HX-8T,14366,37.0,0,0,0,0,0.202,0
D03549,HX-8T,37421,39.5,0,0,0,0,0.0,0
D03550,HX-12T,34141,40.3,0,0,0,0,0.326,0
D03551,SG-16T,42066,25.9,0,0,0,0,0.219,0
D03552,SG-16T,46356,32.6,0,0,0,0,0.45,0
D03553,SG-16T,8846,30.7,0,0,0,0,0.38,0
D03554,SG-16T,44652,33.2,0,0,0,0,0.238,0
D03555,HX-8T,17099,36.7,0,0,0,0,0.326,0
D03556,HX-8T,25751,33.7,23,6,0,0,0.646,1
D03557,HX-12T,37285,35.6,0,0,0,0,0.386,0
D03558,HX-8T,49035,32.6,0,0,0,0,0.196,0
D03559,SG-16T,29299,33.1,2,0,0,0,0.329,0
D03560,HX-12T,27417,29.1,0,0,0,5,0.377,0
D03561,SG-16T,21019,34.8,0,0,0,0,0.117,0
D03562,SG-16T,44724,36.2,0,1,0,0,0.315,0
D03563,HX-12T,1419,37.7,0,0,0,0,0.56,0
D03564,HX-8T,37558,39.3,0,0,0,0,0.655,0
D03565,SG-16T,4322,40.7,0,0,0,0,0.224,0
D03566,HX-8T,47587,37.4,1,0,0,0,0.377,0
D03567,SG-16T,40736,32.7,0,0,0,0,0.2,0
D03568,HX-12T,24699,31.4,0,0,0,0,0.187,0
D03569,SG-16T,15568,42.2,0,0,0,0,0.213,0
D03570,HX-8T,49420,32.2,33,0,0,0,0.711,0
D03571,SG-16T,33344,36.1,0,0,0,0,0.315,0
D03572,SG-16T,50691,43.0,0,0,0,0,0.0,0
D03573,SG-16T,32161,31.0,1,0,0,0,0.457,0
D03574,SG-16T,30893,35.6,0,0,0,0,0.06,1
D03575,HX-8T,2387,38.5,0,0,0,0,0.27,0
D03576,HX-8T,29703,32.2,0,0,0,0,0.372,0
D03577,HX-8T,8544,34.9,0,0,0,0,0.405,0
D03578,SG-16T,5050,34.8,3,0,0,0,0.311,0
D03579,HX-8T,48807,38.0,95,8,1,0,0.58,0
D03580,SG-16T,6933,28.6,0,0,0,0,0.316,0
D03581,SG-16T,28348,30.8,0,0,0,0,0.239,0
D03582,SG-16T,47628,45.2,0,0,0,0,0.233,0
D03583,HX-12T,19644,35.4,0,0,0,0,0.231,0
D03584,HX-12T,32040,37.0,0,0,0,1,0.39,0
D03585,SG-16T,32169,26.4,0,0,0,0,0.538,0
D03586,SG-16T,37924,28.6,0,0,0,0,0.352,0
D03587,SG-16T,9529,34.0,0,0,0,0,0.348,0
D03588,HX-8T,7437,37.5,0,0,0,0,0.195,0
D03589,SG-16T,16167,35.1,0,0,0,0,0.081,0
D03590,HX-12T,35208,41.2,0,0,0,0,0.351,0
D03591,HX-8T,31514,34.8,0,0,0,0,0.257,0
D03592,HX-12T,11612,35.1,52,14,0,0,0.719,1
D03593,HX-12T,16150,32.3,0,0,0,0,0.537,0
D03594,HX-8T,10385,31.8,0,0,0,0,0.254,0
D03595,HX-8T,29321,29.9,0,0,0,0,0.228,0
D03596,HX-8T,11576,31.9,0,0,0,0,0.256,0
D03597,HX-8T,16685,33.4,0,0,0,29,0.276,0
D03598,HX-8T,36112,38.1,0,0,0,0,0.151,0
D03599,SG-16T,13424,36.9,0,0,0,0,0.32,0
D03600,SG-16T,26001,36.9,17,0,0,0,0.49,0
D03601,HX-12T,26698,32.0,0,0,0,0,0.077,0
D03602,HX-8T,22561,42.3,0,0,0,2,0.633,0
D03603,SG-16T,39521,27.8,0,0,0,0,0.544,0
D03604,SG-16T,42760,36.2,0,0,0,0,0.286,0
D03605,HX-8T,35730,37.1,0,0,0,0,0.334,0
D03606,HX-8T,18162,30.7,0,0,0,0,0.524,0
D03607,HX-8T,26865,36.3,0,0,0,0,0.724,0
D03608,SG-16T,14610,37.3,0,0,0,6,0.196,0
D03609,HX-12T,45605,42.8,0,0,0,0,0.57,0
D03610,HX-8T,31059,32.2,0,0,0,0,0.569,0
D03611,HX-12T,22621,42.0,0,0,0,3,0.162,0
D03612,HX-8T,35972,30.0,0,0,0,1,0.164,0
D03613,HX-12T,28727,32.6,24,2,0,0,0.483,0
D03614,SG-16T,12192,35.7,0,0,0,1,0.227,0
D03615,HX-12T,32777,35.4,0,0,0,2,0.161,0
D03616,HX-12T,28789,36.6,0,0,0,0,0.241,0
D03617,HX-8T,51303,33.0,0,0,0,0,0.286,0
D03618,SG-16T,27598,41.6,0,0,0,0,0.21,0
D03619,HX-8T,17614,32.1,0,0,0,0,0.554,0
D03620,HX-12T,31051,42.2,0,0,0,0,0.3,0
D03621,SG-16T,21503,45.2,0,0,0,0,0.262,0
D03622,SG-16T,33695,34.0,0,0,0,2,0.317,0
D03623,SG-16T,47914,40.2,0,1,0,6,0.122,0
D03624,HX-8T,5988,38.8,0,0,0,0,0.057,0
D03625,HX-12T,10399,35.0,24,0,1,0,0.812,0
D03626,SG-16T,39666,30.4,0,0,0,0,0.469,0
D03627,HX-8T,23349,39.7,0,0,0,0,0.288,0
D03628,SG-16T,24648,33.5,0,0,0,0,0.451,0
D03629,SG-16T,24227,36.5,0,0,0,0,0.522,0
D03630,HX-8T,24757,28.9,0,0,0,3,0.368,0
D03631,SG-16T,2514,40.0,0,0,0,0,0.27,0
D03632,HX-12T,8167,35.4,0,0,0,0,0.0,0
D03633,HX-8T,16047,34.1,0,0,0,2,0.112,0
D03634,HX-12T,40364,38.8,0,0,0,0,0.266,0
D03635,HX-12T,16000,35.8,0,0,0,0,0.052,0
D03636,HX-8T,23749,33.7,9,11,0,0,0.565,0
D03637,SG-16T,21111,31.3,0,0,0,0,0.139,0
D03638,HX-8T,34267,33.2,0,1,0,0,0.134,0
D03639,HX-12T,42678,34.3,0,0,0,0,0.251,1
D03640,HX-8T,2677,42.1,0,0,0,0,0.281,0
D03641,HX-8T,31739,38.0,2,0,0,0,0.147,0
D03642,SG-16T,27670,37.4,0,0,0,0,0.0,0
D03643,HX-12T,34164,31.4,0,0,0,0,0.0,0
D03644,SG-16T,48467,34.1,0,0,0,0,0.41,0
D03645,HX-8T,1262,33.4,0,0,0,0,0.137,0
D03646,SG-16T,20931,37.6,0,0,0,0,0.425,0
D03647,HX-8T,18077,33.7,0,0,0,0,0.189,0
D03648,HX-8T,17878,26.9,0,0,0,0,0.427,0
D03649,SG-16T,47422,40.6,0,0,0,0,0.448,0
D03650,HX-8T,9591,34.2,0,0,0,0,0.232,0
D03651,HX-8T,43228,47.0,0,0,0,0,0.094,0
D03652,HX-12T,9749,34.4,0,0,0,0,0.31,0
D03653,HX-12T,24501,30.3,0,0,0,0,0.24,0
D03654,SG-16T,27900,33.1,0,0,0,0,0.227,0
D03655,SG-16T,46232,41.4,0,0,0,0,0.284,0
D03656,HX-12T,11594,41.0,0,0,0,0,0.233,0
D03657,HX-8T,36828,37.2,0,0,0,0,0.341,0
D03658,SG-16T,26831,36.3,0,0,0,0,0.403,0
D03659,HX-8T,37284,31.1,0,0,0,0,0.421,0
D03660,HX-8T,45721,45.2,3,0,0,0,0.225,0
D03661,SG-16T,1572,33.7,0,0,0,0,0.258,0
D03662,HX-12T,42969,35.0,0,0,0,0,0.408,0
D03663,HX-12T,27348,34.1,3,0,0,0,0.4,0
D03664,HX-12T,41454,37.5,0,0,0,4,0.43,0
D03665,SG-16T,39193,38.7,0,0,0,0,0.311,0
D03666,HX-8T,19034,35.2,0,0,0,0,0.225,0
D03667,HX-12T,48826,40.6,0,0,0,2,0.331,0
D03668,HX-12T,10051,45.1,16,27,0,0,0.805,1
D03669,HX-12T,25599,38.1,0,0,0,0,0.486,0
D03670,SG-16T,39593,32.6,0,0,0,0,0.487,0
D03671,SG-16T,12582,35.6,0,0,0,0,0.546,0
D03672,HX-8T,28644,36.5,0,0,0,0,0.486,0
D03673,HX-12T,21151,36.7,0,0,0,0,0.323,0
D03674,SG-16T,11034,35.6,51,8,3,0,0.755,1
D03675,SG-16T,28854,38.7,0,0,0,0,0.434,0
D03676,HX-12T,50662,31.3,0,0,0,0,0.285,0
D03677,HX-12T,37382,31.2,0,0,0,0,0.523,0
D03678,SG-16T,40217,41.4,0,0,0,0,0.49,0
D03679,HX-12T,41103,33.3,0,0,0,0,0.424,0
D03680,SG-16T,33305,32.0,0,0,0,0,0.626,0
D03681,SG-16T,23098,32.5,0,0,0,0,0.42,0
D03682,HX-8T,7202,37.7,0,0,0,0,0.424,0
D03683,SG-16T,24641,32.8,3,0,0,0,0.123,0
D03684,HX-12T,34147,42.1,0,0,0,0,0.42,0
D03685,SG-16T,22806,34.3,0,0,0,0,0.0,0
D03686,HX-12T,17565,39.8,0,0,0,0,0.271,0
D03687,SG-16T,49769,35.9,0,0,0,0,0.298,0
D03688,HX-12T,27959,35.1,0,0,0,0,0.195,0
D03689,HX-8T,11892,31.5,0,0,0,0,0.237,0
D03690,SG-16T,13401,32.9,1,0,0,0,0.304,0
D03691,HX-8T,19086,34.5,0,0,0,0,0.124,0
D03692,HX-8T,16351,36.7,0,0,0,0,0.354,0
D03693,HX-12T,7706,29.9,0,0,0,0,0.285,0
D03694,HX-12T,16268,35.6,0,0,0,0,0.497,0
D03695,SG-16T,5990,41.0,0,0,0,0,0.376,0
D03696,HX-8T,29307,33.7,0,0,0,0,0.434,0
D03697,SG-16T,40046,36.5,0,0,0,0,0.39,0
D03698,SG-16T,10462,39.4,0,0,0,0,0.587,0
D03699,SG-16T,46045,30.2,0,0,0,0,0.056,0
D03700,SG-16T,1450,42.0,0,0,0,0,0.061,0
D03701,HX-8T,23341,37.1,0,0,0,0,0.186,0
D03702,HX-12T,1292,42.0,0,0,0,0,0.283,0
D03703,SG-16T,51090,34.2,0,0,0,0,0.392,0
D03704,HX-8T,28143,37.8,0,0,0,0,0.471,0
D03705,HX-12T,27132,45.2,0,0,0,0,0.129,0
D03706,HX-8T,27855,38.7,0,0,0,0,0.19,0
D03707,SG-16T,38032,34.6,0,0,0,0,0.354,0
D03708,HX-12T,25981,31.8,0,0,0,0,0.362,0
D03709,HX-12T,39315,40.1,0,0,0,0,0.227,0
D03710,HX-12T,32969,29.4,0,0,0,0,0.4,0
D03711,HX-8T,47247,38.8,0,0,0,0,0.082,0
D03712,HX-8T,45193,41.2,0,0,0,0,0.375,0
D03713,SG-16T,17574,36.8,0,0,0,0,0.608,0
D03714,SG-16T,12934,34.1,0,0,0,4,0.061,0
D03715,HX-8T,1056,35.8,0,0,0,0,0.376,0
D03716,HX-8T,19440,28.5,2,0,0,0,0.304,0
D03717,SG-16T,45564,31.5,0,0,0,0,0.465,0
D03718,SG-16T,44381,40.8,0,0,0,0,0.265,0
D03719,SG-16T,38585,31.9,0,0,0,0,0.25,0
D03720,HX-8T,46927,40.4,0,0,0,0,0.234,0
D03721,HX-8T,32274,38.0,0,0,0,0,0.491,0
D03722,HX-8T,49976,30.0,0,0,0,0,0.21,0
D03723,SG-16T,45941,37.0,0,0,0,0,0.364,0
D03724,HX-12T,39160,23.1,0,0,0,0,0.377,0
D03725,HX-12T,21365,34.1,0,0,0,0,0.111,0
D03726,HX-8T,32664,44.9,0,0,0,0,0.417,0
D03727,HX-8T,48954,35.4,0,0,0,0,0.264,0
D03728,HX-12T,19615,38.2,0,0,0,0,0.417,0
D03729,HX-8T,12640,30.5,0,0,0,0,0.555,0
D03730,HX-8T,6520,38.5,0,0,0,0,0.285,0
D03731,HX-8T,46135,31.0,0,0,0,0,0.225,0
D03732,HX-8T,12335,34.5,0,0,0,0,0.232,0
D03733,HX-12T,25703,32.4,0,0,0,0,0.403,0
D03734,SG-16T,21703,36.1,0,7,6,0,0.739,0
D03735,HX-12T,21457,37.4,0,0,0,0,0.299,0
D03736,HX-12T,49734,40.7,0,0,0,0,0.365,0
D03737,SG-16T,51394,35.9,0,0,0,0,0.257,0
D03738,HX-8T,23936,39.0,0,0,0,0,0.165,0
D03739,SG-16T,5993,43.3,0,0,0,0,0.453,0
D03740,HX-8T,27719,28.2,0,0,0,0,0.426,0
D03741,HX-8T,37890,38.5,0,0,0,0,0.465,0
D03742,SG-16T,38280,32.2,0,0,0,4,0.213,0
D03743,SG-16T,27137,31.7,0,0,0,0,0.45,0
D03744,HX-12T,9415,37.8,0,0,0,0,0.42,0
D03745,SG-16T,13180,33.9,0,0,0,16,0.314,0
D03746,SG-16T,4279,33.0,0,0,0,0,0.147,0
D03747,SG-16T,46502,35.0,0,0,0,0,0.591,0
D03748,HX-8T,22299,40.2,0,0,0,0,0.323,0
D03749,HX-8T,43756,36.8,7,0,0,0,0.317,0
D03750,HX-12T,32022,37.9,136,6,0,0,0.426,1
D03751,HX-12T,5863,33.6,17,0,5,0,0.618,0
D03752,SG-16T,37166,40.2,0,0,0,0,0.053,0
D03753,HX-12T,46397,28.8,0,0,0,0,0.5,0
D03754,HX-12T,14805,40.7,3,0,0,0,0.238,0
D03755,HX-8T,14221,34.1,0,0,0,0,0.472,0
D03756,HX-8T,45580,32.8,0,0,0,0,0.457,0
D03757,SG-16T,6218,43.8,0,0,0,0,0.415,0
D03758,SG-16T,49923,28.6,0,0,0,0,0.43,0
D03759,SG-16T,44854,34.7,0,0,0,0,0.057,0
D03760,HX-8T,32540,37.1,0,0,0,5,0.427,0
D03761,HX-12T,9403,36.3,0,0,0,1,0.038,0
D03762,HX-12T,51439,34.3,0,0,0,0,0.279,0
D03763,HX-12T,41788,37.5,0,0,0,3,0.503,0
D03764,SG-16T,17097,33.0,0,0,0,0,0.371,0
D03765,SG-16T,15441,36.8,0,0,0,0,0.288,0
D03766,SG-16T,2971,35.6,0,0,0,0,0.414,0
D03767,HX-12T,14775,42.3,0,0,0,0,0.246,0
D03768,HX-8T,39494,35.0,0,0,0,2,0.142,0
D03769,HX-12T,43708,40.8,0,0,0,0,0.758,0
D03770,HX-8T,39462,31.7,0,0,0,0,0.038,0
D03771,HX-12T,37469,26.4,0,0,0,0,0.545,0
D03772,HX-8T,18920,44.2,0,0,0,0,0.322,0
D03773,HX-8T,50699,29.7,0,0,0,0,0.422,0
D03774,SG-16T,9457,40.5,0,0,0,0,0.143,0
D03775,HX-8T,30295,43.0,0,0,0,0,0.158,0
D03776,HX-8T,48268,31.4,0,0,0,3,0.38,0
D03777,HX-8T,20887,37.3,0,0,0,0,0.248,0
D03778,HX-12T,28741,39.3,0,0,0,0,0.326,0
D03779,HX-8T,19987,37.0,1,0,0,0,0.558,0
D03780,HX-8T,6333,33.7,0,0,0,0,0.46,0
D03781,HX-12T,31259,35.1,0,0,0,0,0.431,0
D03782,SG-16T,3821,38.0,0,0,0,0,0.488,0
D03783,SG-16T,42417,36.7,0,0,0,0,0.572,0
D03784,SG-16T,24330,34.4,0,0,0,0,0.001,0
D03785,HX-8T,18885,30.9,0,0,0,0,0.387,0
D03786,HX-8T,19030,42.9,0,0,0,0,0.258,0
D03787,SG-16T,12005,45.3,0,0,0,0,0.222,0
D03788,SG-16T,17669,37.7,0,0,0,0,0.342,0
D03789,SG-16T,48150,43.0,0,0,0,0,0.39,0
D03790,HX-8T,40233,31.1,0,0,0,0,0.138,0
D03791,SG-16T,34151,39.8,0,0,0,0,0.376,0
D03792,SG-16T,8174,36.0,0,0,0,0,0.301,0
D03793,HX-8T,16246,40.4,0,0,0,0,0.417,0
D03794,HX-8T,22931,39.6,0,0,0,0,0.0,0
D03795,HX-12T,14505,42.4,0,0,0,0,0.096,0
D03796,SG-16T,28274,33.8,0,0,0,0,0.32,0
D03797,HX-12T,9258,34.2,0,0,0,0,0.091,0
D03798,HX-8T,37049,38.3,0,0,0,0,0.38,0
D03799,HX-8T,12590,38.4,0,0,0,0,0.453,0
D03800,HX-12T,40108,34.2,0,0,0,0,0.365,0
D03801,HX-8T,39312,41.9,0,0,0,0,0.306,0
D03802,SG-16T,24697,38.6,4,0,0,0,0.47,0
D03803,SG-16T,15542,38.0,0,0,0,0,0.545,0
D03804,HX-12T,45123,29.0,0,0,0,0,0.0,0
D03805,HX-8T,20537,34.0,0,0,0,23,0.175,0
D03806,HX-8T,7699,35.4,0,0,0,0,0.105,0
D03807,HX-8T,45447,42.0,0,0,0,0,0.731,0
D03808,HX-8T,38969,33.0,0,0,0,0,0.213,0
D03809,HX-8T,7185,35.2,0,0,0,0,0.151,0
D03810,SG-16T,23699,31.5,62,3,1,0,0.507,1
D03811,HX-8T,21545,41.4,0,0,0,0,0.102,0
D03812,HX-8T,10043,30.6,0,1,0,0,0.013,0
D03813,SG-16T,26822,38.7,0,0,0,0,0.158,0
D03814,SG-16T,49014,40.1,0,0,0,0,0.2,0
D03815,HX-12T,4434,35.0,0,1,0,0,0.216,0
D03816,HX-12T,25259,41.9,3,0,0,0,0.636,0
D03817,SG-16T,35700,30.1,0,0,0,0,0.489,0
D03818,HX-12T,18404,35.1,0,0,0,0,0.212,0
D03819,HX-8T,34364,38.5,0,0,0,0,0.443,0
D03820,HX-12T,18971,36.6,0,0,0,0,0.227,0
D03821,HX-12T,2484,39.5,0,0,0,0,0.127,0
D03822,HX-12T,39348,35.0,0,0,0,0,0.457,0
D03823,HX-12T,33674,37.7,0,0,0,0,0.248,0
D03824,SG-16T,8908,42.9,1,0,0,0,0.399,0
D03825,HX-12T,42679,28.3,0,0,0,4,0.422,0
D03826,HX-8T,12898,31.6,0,0,0,0,0.355,0
D03827,HX-8T,27092,36.0,0,0,0,0,0.114,0
D03828,SG-16T,4124,36.0,0,0,0,0,0.271,0
D03829,HX-12T,9796,43.8,0,0,0,1,0.099,0
D03830,HX-12T,7105,32.0,0,4,3,0,0.638,1
D03831,HX-12T,24185,32.3,0,0,0,0,0.344,0
D03832,HX-8T,38533,29.7,0,0,0,0,0.477,0
D03833,SG-16T,47302,37.7,0,0,0,0,0.049,0
D03834,HX-8T,50535,38.5,0,0,0,0,0.306,1
D03835,HX-12T,3144,35.1,0,0,0,2,0.266,0
D03836,HX-12T,51551,38.0,0,0,0,0,0.36,0
D03837,HX-8T,44604,35.4,0,0,0,2,0.343,0
D03838,HX-12T,33383,35.2,0,0,0,0,0.11,0
D03839,HX-12T,39391,36.4,0,0,0,0,0.295,0
D03840,HX-12T,50308,38.0,0,0,0,0,0.368,0
D03841,HX-8T,38564,42.6,0,0,0,0,0.147,0
D03842,HX-8T,23237,38.4,5,0,0,0,0.013,0
D03843,HX-12T,30852,34.5,0,0,0,0,0.038,0
D03844,HX-8T,40800,32.3,0,0,0,0,0.217,0
D03845,HX-12T,31660,35.8,0,0,0,0,0.0,0
D03846,SG-16T,51737,30.3,0,0,0,0,0.449,0
D03847,HX-12T,972,35.4,0,0,0,3,0.0,0
D03848,SG-16T,7105,35.7,0,0,0,0,0.28,0
D03849,SG-16T,24373,44.9,0,0,0,8,0.251,0
D03850,HX-12T,3076,38.5,0,0,0,0,0.511,1
D03851,HX-12T,41638,33.0,0,0,0,0,0.281,0
D03852,HX-12T,20635,37.1,0,0,0,0,0.362,0
D03853,SG-16T,12132,35.4,0,0,0,0,0.249,0
D03854,HX-12T,18163,37.4,0,0,0,0,0.365,0
D03855,SG-16T,47988,37.6,0,0,0,0,0.271,0
D03856,HX-8T,26338,32.5,0,0,0,0,0.257,0
D03857,HX-12T,9987,25.8,0,0,0,0,0.232,0
D03858,SG-16T,5891,42.2,0,0,0,0,0.39,0
D03859,HX-8T,23552,36.0,1,0,0,0,0.198,0
D03860,SG-16T,3384,34.4,0,0,0,0,0.333,0
D03861,SG-16T,28345,32.2,0,0,0,0,0.109,0
D03862,SG-16T,42772,37.0,0,0,0,0,0.448,0
D03863,HX-8T,34755,37.9,0,0,0,0,0.481,0
D03864,HX-8T,1564,37.9,0,0,0,4,0.0,0
D03865,SG-16T,33945,35.0,2,0,0,0,0.649,0
D03866,SG-16T,30834,30.5,0,0,0,0,0.456,0
D03867,HX-8T,23090,38.9,0,0,0,2,0.285,0
D03868,HX-8T,46238,40.8,0,0,0,0,0.452,0
D03869,HX-12T,38427,37.5,6,7,6,0,0.608,1
D03870,HX-8T,32610,29.8,0,0,0,0,0.441,0
D03871,SG-16T,23685,26.9,0,0,0,0,0.158,0
D03872,SG-16T,51525,47.0,0,0,0,0,0.516,0
D03873,HX-8T,19967,37.2,0,0,0,0,0.347,0
D03874,HX-8T,50645,27.2,0,0,0,0,0.483,0
D03875,HX-12T,35956,40.3,0,0,0,0,0.355,0
D03876,SG-16T,31028,36.6,0,0,0,0,0.212,0
D03877,HX-12T,48578,35.7,0,0,0,0,0.479,0
D03878,HX-12T,39939,30.8,0,0,0,0,0.411,0
D03879,SG-16T,10625,32.1,0,0,0,0,0.346,0
D03880,HX-12T,35971,42.0,0,0,0,0,0.264,0
D03881,SG-16T,22081,48.0,0,0,0,0,0.247,0
D03882,HX-8T,36721,35.7,0,0,0,0,0.314,0
D03883,HX-8T,21252,37.7,0,0,0,0,0.24,0
D03884,SG-16T,24167,42.2,0,0,0,0,0.054,0
D03885,HX-8T,1210,36.4,0,0,0,0,0.395,0
D03886,HX-8T,13427,31.4,0,1,0,0,0.406,0
D03887,HX-12T,27564,34.4,5,0,0,0,0.077,0
D03888,HX-8T,17065,36.3,0,0,0,0,0.13,0
D03889,HX-8T,9395,29.1,30,0,0,0,0.643,0
D03890,SG-16T,22006,38.1,5,0,0,0,0.027,0
D03891,SG-16T,1954,29.4,0,0,0,0,0.464,0
D03892,HX-12T,26964,33.8,0,0,0,0,0.076,0
D03893,HX-12T,44946,38.6,0,0,0,0,0.368,0
D03894,HX-8T,6007,39.0,0,0,0,0,0.751,0
D03895,HX-8T,25332,37.9,8,11,0,0,0.632,0
D03896,HX-8T,27968,38.3,0,0,0,0,0.495,0
D03897,HX-8T,25472,31.9,0,0,0,0,0.492,0
D03898,SG-16T,16223,39.9,0,0,0,0,0.2,0
D03899,HX-12T,33277,36.0,0,0,0,0,0.165,0
D03900,SG-16T,40838,41.1,0,0,0,0,0.338,0
D03901,HX-12T,44935,35.0,0,0,0,0,0.424,0
D03902,HX-8T,25798,33.8,0,0,0,0,0.457,0
D03903,HX-12T,882,40.1,0,0,0,0,0.344,0
D03904,SG-16T,6691,32.5,0,0,0,0,0.262,0
D03905,HX-12T,13539,36.0,0,0,0,0,0.123,0
D03906,SG-16T,38609,35.4,0,1,0,0,0.645,0
D03907,SG-16T,11104,40.8,0,0,0,0,0.282,0
D03908,HX-8T,26124,42.5,0,0,0,0,0.342,0
D03909,SG-16T,12189,27.0,0,0,0,0,0.369,0
D03910,HX-12T,51900,43.9,0,0,0,0,0.156,0
D03911,HX-12T,3335,35.7,0,0,0,0,0.426,0
D03912,HX-8T,25998,37.2,0,0,0,0,0.182,0
D03913,HX-12T,28484,33.6,1,0,0,0,0.057,0
D03914,SG-16T,40242,34.0,0,0,0,0,0.389,0
D03915,SG-16T,1678,29.3,0,0,0,0,0.514,0
D03916,HX-12T,44429,31.4,0,0,0,0,0.452,0
D03917,HX-12T,9289,35.0,0,0,0,0,0.398,0
D03918,SG-16T,4872,34.2,0,0,0,0,0.3,0
D03919,HX-12T,6857,39.0,0,0,0,0,0.231,0
D03920,HX-12T,15413,39.3,0,0,0,0,0.267,0
D03921,SG-16T,2162,39.8,40,4,3,0,0.604,1
D03922,SG-16T,17813,39.7,0,0,0,0,0.427,0
D03923,HX-8T,25913,31.3,0,1,0,0,0.364,0
D03924,HX-12T,43347,37.9,0,0,0,0,0.506,0
D03925,HX-8T,18034,35.9,0,0,0,0,0.251,0
D03926,HX-8T,19065,39.6,0,0,0,0,0.124,0
D03927,HX-12T,47142,39.4,0,0,0,0,0.244,0
D03928,SG-16T,23667,35.7,0,0,0,0,0.47,0
D03929,SG-16T,46574,41.7,1,4,1,0,0.226,0
D03930,SG-16T,31751,41.1,0,0,0,0,0.435,0
D03931,SG-16T,24829,35.3,0,0,0,6,0.354,0
D03932,HX-12T,43872,37.0,4,0,0,0,0.372,0
D03933,HX-12T,43058,31.2,0,0,0,0,0.261,0
D03934,HX-8T,26910,35.9,2,0,0,4,0.167,0
D03935,SG-16T,51720,35.4,0,0,0,0,0.382,0
D03936,HX-8T,32009,40.3,0,0,0,11,0.399,0
D03937,SG-16T,19851,29.3,0,0,0,0,0.457,0
D03938,HX-12T,45779,30.7,0,0,0,0,0.358,0
D03939,SG-16T,25336,34.4,0,0,0,0,0.267,0
D03940,HX-8T,32665,34.0,0,0,0,0,0.371,0
D03941,HX-12T,51432,32.8,0,0,0,0,0.389,0
D03942,HX-12T,16939,40.9,0,0,0,0,0.338,0
D03943,SG-16T,16822,36.0,0,0,0,0,0.211,0
D03944,SG-16T,44281,37.6,0,1,0,0,0.067,0
D03945,SG-16T,32947,32.9,0,0,0,0,0.533,0
D03946,HX-8T,10378,39.5,0,0,0,4,0.429,0
D03947,SG-16T,35445,41.6,0,0,0,0,0.0,0
D03948,SG-16T,33523,37.6,0,0,0,0,0.394,0
D03949,HX-12T,43197,39.0,29,0,1,0,0.355,0
D03950,HX-8T,13208,38.7,0,0,0,0,0.302,0
D03951,SG-16T,49449,42.6,0,0,0,0,0.541,0
D03952,HX-12T,10461,37.1,0,0,0,0,0.226,1
D03953,HX-12T,46050,34.5,4,0,0,0,0.447,0
D03954,HX-12T,38768,37.1,0,0,0,0,0.279,0
D03955,HX-12T,31547,38.0,0,0,0,0,0.452,0
D03956,HX-8T,49392,36.5,2,0,0,11,0.468,0
D03957,HX-8T,11627,31.0,5,5,8,0,0.75,0
D03958,HX-12T,9534,37.0,0,0,0,0,0.201,0
D03959,SG-16T,5753,35.8,0,0,0,0,0.33,0
D03960,HX-12T,12728,33.6,0,0,0,0,0.369,0
D03961,SG-16T,33980,38.9,0,0,0,5,0.231,0
D03962,HX-8T,28120,43.0,0,0,0,0,0.115,0
D03963,HX-12T,41032,30.1,0,0,0,0,0.034,0
D03964,SG-16T,25902,39.5,0,0,0,0,0.282,0
D03965,SG-16T,36200,34.9,0,3,0,0,0.438,0
D03966,SG-16T,9836,36.6,0,0,0,0,0.408,0
D03967,HX-8T,23009,34.5,3,0,0,0,0.077,0
D03968,HX-12T,48829,36.9,0,1,0,0,0.259,0
D03969,HX-8T,51195,34.0,0,0,0,0,0.369,0
D03970,HX-12T,13403,42.3,0,0,0,0,0.451,0
D03971,HX-8T,3975,36.1,0,0,0,0,0.459,0
D03972,HX-8T,50608,37.3,0,0,0,0,0.451,0
D03973,HX-8T,25799,32.2,0,0,0,0,0.267,0
D03974,HX-8T,45652,33.3,0,0,0,0,0.477,0
D03975,HX-8T,38342,37.5,0,0,0,0,0.061,0
D03976,HX-12T,42242,45.6,124,0,0,0,0.684,1
D03977,HX-12T,2410,36.4,0,0,0,0,0.457,0
D03978,SG-16T,10527,40.5,0,0,0,1,0.277,0
D03979,SG-16T,1934,37.5,0,0,0,0,0.325,0
D03980,HX-8T,34939,32.3,0,0,0,0,0.284,0
D03981,HX-12T,26236,39.9,0,0,0,0,0.308,0
D03982,HX-12T,27233,38.2,0,0,0,0,0.175,0
D03983,HX-8T,34215,33.1,0,0,0,0,0.618,0
D03984,HX-12T,6611,32.4,0,0,0,0,0.329,0
D03985,HX-8T,21986,32.4,0,0,0,0,0.177,0
D03986,SG-16T,47865,33.5,0,0,0,0,0.462,0
D03987,HX-8T,27641,35.5,0,0,0,0,0.269,0
D03988,HX-12T,40088,39.4,0,0,0,0,0.431,0
D03989,SG-16T,31037,29.7,0,0,0,2,0.281,0
D03990,HX-12T,2682,28.4,1,0,0,0,0.375,0
D03991,SG-16T,2540,31.0,0,0,0,2,0.094,0
D03992,HX-12T,48652,35.8,0,0,0,0,0.0,0
D03993,HX-12T,16142,39.3,0,0,0,0,0.249,0
D03994,SG-16T,51149,36.9,0,0,0,0,0.448,0
D03995,HX-12T,45743,44.1,0,0,0,0,0.194,0
D03996,HX-8T,13025,35.2,0,0,0,0,0.248,0
D03997,SG-16T,37741,34.6,0,0,0,0,0.375,0
D03998,HX-8T,3595,40.1,0,0,0,0,0.476,0
D03999,SG-16T,50358,33.0,0,0,0,0,0.164,0
